timeStamp,elapsed,label,responseCode,responseMessage,threadName,dataType,success,failureMessage,bytes,sentBytes,grpThreads,allThreads,URL,Latency,IdleTime,Connect
1747733766827,768,HTTP Request,200,OK,Thread Group 1 1-1,text,true,,231,161,3,3,http://localhost:8080/?token=495383897&user=-2104963756&config=1,768,0,3
1747733767182,818,HTTP Request,200,OK,Thread Group 1 1-2,text,true,,231,161,4,4,http://localhost:8080/?token=495383897&user=-2104963756&config=1,818,0,0
1747733767538,797,HTTP Request,200,OK,Thread Group 1 1-3,text,true,,231,161,5,5,http://localhost:8080/?token=495383897&user=-2104963756&config=1,797,0,0
1747733767895,861,HTTP Request,200,OK,Thread Group 1 1-4,text,false,"The operation lasted too long: It took 861 milliseconds, but should not have lasted longer than 850 milliseconds.",231,161,6,6,http://localhost:8080/?token=495383897&user=-2104963756&config=1,861,0,0
1747733768256,799,HTTP Request,200,OK,Thread Group 1 1-5,text,true,,231,161,7,7,http://localhost:8080/?token=495383897&user=-2104963756&config=1,799,0,1
1747733768324,756,HTTP Request,200,OK,Thread Group 1 1-1,text,true,,231,161,7,7,http://localhost:8080/?token=495383897&user=-2104963756&config=1,756,0,0
1747733768615,800,HTTP Request,200,OK,Thread Group 1 1-6,text,true,,231,161,8,8,http://localhost:8080/?token=495383897&user=-2104963756&config=1,800,0,2
1747733768682,733,HTTP Request,200,OK,Thread Group 1 1-2,text,true,,231,161,8,8,http://localhost:8080/?token=495383897&user=-2104963756&config=1,733,0,0
1747733768974,755,HTTP Request,200,OK,Thread Group 1 1-7,text,true,,231,161,9,9,http://localhost:8080/?token=495383897&user=-2104963756&config=1,755,0,1
1747733769037,734,HTTP Request,200,OK,Thread Group 1 1-3,text,true,,231,161,9,9,http://localhost:8080/?token=495383897&user=-2104963756&config=1,734,0,0
1747733769331,833,HTTP Request,200,OK,Thread Group 1 1-8,text,true,,231,161,10,10,http://localhost:8080/?token=495383897&user=-2104963756&config=1,833,0,0
1747733769396,768,HTTP Request,200,OK,Thread Group 1 1-4,text,true,,231,161,10,10,http://localhost:8080/?token=495383897&user=-2104963756&config=1,768,0,0
1747733769688,757,HTTP Request,200,OK,Thread Group 1 1-9,text,true,,231,161,11,11,http://localhost:8080/?token=495383897&user=-2104963756&config=1,757,0,1
1747733769755,741,HTTP Request,200,OK,Thread Group 1 1-5,text,true,,231,161,11,11,http://localhost:8080/?token=495383897&user=-2104963756&config=1,741,0,0
1747733769824,747,HTTP Request,200,OK,Thread Group 1 1-1,text,true,,231,161,11,11,http://localhost:8080/?token=495383897&user=-2104963756&config=1,747,0,0
1747733770114,734,HTTP Request,200,OK,Thread Group 1 1-6,text,true,,231,161,12,12,http://localhost:8080/?token=495383897&user=-2104963756&config=1,734,0,0
1747733770044,867,HTTP Request,200,OK,Thread Group 1 1-10,text,false,"The operation lasted too long: It took 867 milliseconds, but should not have lasted longer than 850 milliseconds.",231,161,12,12,http://localhost:8080/?token=495383897&user=-2104963756&config=1,867,0,0
1747733770181,791,HTTP Request,200,OK,Thread Group 1 1-2,text,true,,231,161,12,12,http://localhost:8080/?token=495383897&user=-2104963756&config=1,791,0,0
1747733770473,790,HTTP Request,200,OK,Thread Group 1 1-7,text,true,,231,161,13,13,http://localhost:8080/?token=495383897&user=-2104963756&config=1,790,0,0
1747733770402,861,HTTP Request,200,OK,Thread Group 1 1-11,text,false,"The operation lasted too long: It took 861 milliseconds, but should not have lasted longer than 850 milliseconds.",231,161,13,13,http://localhost:8080/?token=495383897&user=-2104963756&config=1,861,0,0
1747733770537,760,HTTP Request,200,OK,Thread Group 1 1-3,text,true,,231,161,13,13,http://localhost:8080/?token=495383897&user=-2104963756&config=1,760,0,0
1747733770830,793,HTTP Request,200,OK,Thread Group 1 1-8,text,true,,231,161,14,14,http://localhost:8080/?token=495383897&user=-2104963756&config=1,793,0,0
1747733770756,867,HTTP Request,200,OK,Thread Group 1 1-12,text,false,"The operation lasted too long: It took 867 milliseconds, but should not have lasted longer than 850 milliseconds.",231,161,14,14,http://localhost:8080/?token=495383897&user=-2104963756&config=1,867,0,1
1747733770896,756,HTTP Request,200,OK,Thread Group 1 1-4,text,true,,231,161,14,14,http://localhost:8080/?token=495383897&user=-2104963756&config=1,756,0,0
1747733771187,757,HTTP Request,200,OK,Thread Group 1 1-9,text,true,,231,161,14,14,http://localhost:8080/?token=495383897&user=-2104963756&config=1,757,0,0
1747733771113,831,HTTP Request,200,OK,Thread Group 1 1-13,text,true,,231,161,14,14,http://localhost:8080/?token=495383897&user=-2104963756&config=1,831,0,1
1747733771255,768,HTTP Request,200,OK,Thread Group 1 1-5,text,true,,231,161,14,14,http://localhost:8080/?token=495383897&user=-2104963756&config=1,768,0,0
1747733771325,759,HTTP Request,200,OK,Thread Group 1 1-1,text,true,,231,161,14,14,http://localhost:8080/?token=495383897&user=-2104963756&config=1,759,0,0
1747733771544,755,HTTP Request,200,OK,Thread Group 1 1-10,text,true,,231,161,14,14,http://localhost:8080/?token=495383897&user=-2104963756&config=1,755,0,0
1747733771469,830,HTTP Request,200,OK,Thread Group 1 1-14,text,true,,231,161,14,14,http://localhost:8080/?token=495383897&user=-2104963756&config=1,830,0,1
1747733771614,745,HTTP Request,200,OK,Thread Group 1 1-6,text,true,,231,161,14,14,http://localhost:8080/?token=495383897&user=-2104963756&config=1,745,0,0
1747733771681,771,HTTP Request,200,OK,Thread Group 1 1-2,text,true,,231,161,14,14,http://localhost:8080/?token=495383897&user=-2104963756&config=1,771,0,0
1747733771901,782,HTTP Request,200,OK,Thread Group 1 1-11,text,true,,231,161,14,14,http://localhost:8080/?token=495383897&user=-2104963756&config=1,782,0,0
1747733771974,742,HTTP Request,200,OK,Thread Group 1 1-7,text,true,,231,161,14,14,http://localhost:8080/?token=495383897&user=-2104963756&config=1,742,0,0
1747733772036,756,HTTP Request,200,OK,Thread Group 1 1-3,text,true,,231,161,14,14,http://localhost:8080/?token=495383897&user=-2104963756&config=1,756,0,0
1747733772256,787,HTTP Request,200,OK,Thread Group 1 1-12,text,true,,231,161,14,14,http://localhost:8080/?token=495383897&user=-2104963756&config=1,787,0,0
1747733772330,774,HTTP Request,200,OK,Thread Group 1 1-8,text,true,,231,161,14,14,http://localhost:8080/?token=495383897&user=-2104963756&config=1,774,0,0
1747733772395,789,HTTP Request,200,OK,Thread Group 1 1-4,text,true,,231,161,14,14,http://localhost:8080/?token=495383897&user=-2104963756&config=1,789,0,0
1747733772613,755,HTTP Request,200,OK,Thread Group 1 1-13,text,true,,231,161,14,14,http://localhost:8080/?token=495383897&user=-2104963756&config=1,755,0,0
1747733772687,768,HTTP Request,200,OK,Thread Group 1 1-9,text,true,,231,161,14,14,http://localhost:8080/?token=495383897&user=-2104963756&config=1,768,0,0
1747733772756,764,HTTP Request,200,OK,Thread Group 1 1-5,text,true,,231,161,14,14,http://localhost:8080/?token=495383897&user=-2104963756&config=1,764,0,0
1747733772825,786,HTTP Request,200,OK,Thread Group 1 1-1,text,true,,231,161,14,14,http://localhost:8080/?token=495383897&user=-2104963756&config=1,786,0,0
1747733772968,796,HTTP Request,200,OK,Thread Group 1 1-14,text,true,,231,161,14,14,http://localhost:8080/?token=495383897&user=-2104963756&config=1,796,0,0
1747733773043,785,HTTP Request,200,OK,Thread Group 1 1-10,text,true,,231,161,14,14,http://localhost:8080/?token=495383897&user=-2104963756&config=1,785,0,0
1747733773114,774,HTTP Request,200,OK,Thread Group 1 1-6,text,true,,231,161,14,14,http://localhost:8080/?token=495383897&user=-2104963756&config=1,774,0,0
1747733773182,815,HTTP Request,200,OK,Thread Group 1 1-2,text,true,,231,161,14,14,http://localhost:8080/?token=495383897&user=-2104963756&config=1,815,0,0
1747733773401,782,HTTP Request,200,OK,Thread Group 1 1-11,text,true,,231,161,14,14,http://localhost:8080/?token=495383897&user=-2104963756&config=1,782,0,0
1747733773474,817,HTTP Request,200,OK,Thread Group 1 1-7,text,true,,231,161,14,14,http://localhost:8080/?token=495383897&user=-2104963756&config=1,817,0,0
1747733773537,786,HTTP Request,200,OK,Thread Group 1 1-3,text,true,,231,161,14,14,http://localhost:8080/?token=495383897&user=-2104963756&config=1,786,0,0
1747733773756,783,HTTP Request,200,OK,Thread Group 1 1-12,text,true,,231,161,14,14,http://localhost:8080/?token=495383897&user=-2104963756&config=1,783,0,0
1747733773830,825,HTTP Request,200,OK,Thread Group 1 1-8,text,true,,231,161,14,14,http://localhost:8080/?token=495383897&user=-2104963756&config=1,825,0,0
1747733773895,773,HTTP Request,200,OK,Thread Group 1 1-4,text,true,,231,161,14,14,http://localhost:8080/?token=495383897&user=-2104963756&config=1,773,0,0
1747733774112,796,HTTP Request,200,OK,Thread Group 1 1-13,text,true,,231,161,14,14,http://localhost:8080/?token=495383897&user=-2104963756&config=1,796,0,0
1747733774187,785,HTTP Request,200,OK,Thread Group 1 1-9,text,true,,231,161,14,14,http://localhost:8080/?token=495383897&user=-2104963756&config=1,785,0,0
1747733774254,798,HTTP Request,200,OK,Thread Group 1 1-5,text,true,,231,161,14,14,http://localhost:8080/?token=495383897&user=-2104963756&config=1,798,0,0
1747733774324,815,HTTP Request,200,OK,Thread Group 1 1-1,text,true,,231,161,14,14,http://localhost:8080/?token=495383897&user=-2104963756&config=1,815,0,0
1747733774468,795,HTTP Request,200,OK,Thread Group 1 1-14,text,true,,231,161,14,14,http://localhost:8080/?token=495383897&user=-2104963756&config=1,795,0,0
1747733774544,783,HTTP Request,200,OK,Thread Group 1 1-10,text,true,,231,161,14,14,http://localhost:8080/?token=495383897&user=-2104963756&config=1,783,0,0
1747733774614,797,HTTP Request,200,OK,Thread Group 1 1-6,text,true,,231,161,14,14,http://localhost:8080/?token=495383897&user=-2104963756&config=1,797,0,0
1747733774681,786,HTTP Request,200,OK,Thread Group 1 1-2,text,true,,231,161,14,14,http://localhost:8080/?token=495383897&user=-2104963756&config=1,786,0,0
1747733774901,818,HTTP Request,200,OK,Thread Group 1 1-11,text,true,,231,161,14,14,http://localhost:8080/?token=495383897&user=-2104963756&config=1,818,0,0
1747733774974,799,HTTP Request,200,OK,Thread Group 1 1-7,text,true,,231,161,14,14,http://localhost:8080/?token=495383897&user=-2104963756&config=1,799,0,0
1747733775037,791,HTTP Request,200,OK,Thread Group 1 1-3,text,true,,231,161,14,14,http://localhost:8080/?token=495383897&user=-2104963756&config=1,791,0,0
1747733775256,832,HTTP Request,200,OK,Thread Group 1 1-12,text,true,,231,161,14,14,http://localhost:8080/?token=495383897&user=-2104963756&config=1,832,0,0
1747733775330,798,HTTP Request,200,OK,Thread Group 1 1-8,text,true,,231,161,14,14,http://localhost:8080/?token=495383897&user=-2104963756&config=1,798,0,0
1747733775395,801,HTTP Request,200,OK,Thread Group 1 1-4,text,true,,231,161,14,14,http://localhost:8080/?token=495383897&user=-2104963756&config=1,801,0,0
1747733775612,831,HTTP Request,200,OK,Thread Group 1 1-13,text,true,,231,161,14,14,http://localhost:8080/?token=495383897&user=-2104963756&config=1,831,0,0
1747733775687,816,HTTP Request,200,OK,Thread Group 1 1-9,text,true,,231,161,14,14,http://localhost:8080/?token=495383897&user=-2104963756&config=1,816,0,0
1747733775755,780,HTTP Request,200,OK,Thread Group 1 1-5,text,true,,231,161,14,14,http://localhost:8080/?token=495383897&user=-2104963756&config=1,780,0,0
1747733775824,803,HTTP Request,200,OK,Thread Group 1 1-1,text,true,,231,161,14,14,http://localhost:8080/?token=495383897&user=-2104963756&config=1,803,0,0
1747733775969,828,HTTP Request,200,OK,Thread Group 1 1-14,text,true,,231,161,14,14,http://localhost:8080/?token=495383897&user=-2104963756&config=1,828,0,0
1747733776043,829,HTTP Request,200,OK,Thread Group 1 1-10,text,true,,231,161,14,14,http://localhost:8080/?token=495383897&user=-2104963756&config=1,829,0,0
1747733776113,791,HTTP Request,200,OK,Thread Group 1 1-6,text,true,,231,161,14,14,http://localhost:8080/?token=495383897&user=-2104963756&config=1,791,0,0
1747733776181,815,HTTP Request,200,OK,Thread Group 1 1-2,text,true,,231,161,14,14,http://localhost:8080/?token=495383897&user=-2104963756&config=1,815,0,0
1747733776402,826,HTTP Request,200,OK,Thread Group 1 1-11,text,true,,231,161,14,14,http://localhost:8080/?token=495383897&user=-2104963756&config=1,826,0,0
1747733776474,837,HTTP Request,200,OK,Thread Group 1 1-7,text,true,,231,161,14,14,http://localhost:8080/?token=495383897&user=-2104963756&config=1,837,0,0
1747733776537,817,HTTP Request,200,OK,Thread Group 1 1-3,text,true,,231,161,14,14,http://localhost:8080/?token=495383897&user=-2104963756&config=1,817,0,0
1747733776756,791,HTTP Request,200,OK,Thread Group 1 1-12,text,true,,231,161,14,14,http://localhost:8080/?token=495383897&user=-2104963756&config=1,791,0,0
1747733776830,801,HTTP Request,200,OK,Thread Group 1 1-8,text,true,,231,161,14,14,http://localhost:8080/?token=495383897&user=-2104963756&config=1,801,0,0
1747733776896,832,HTTP Request,200,OK,Thread Group 1 1-4,text,true,,231,161,14,14,http://localhost:8080/?token=495383897&user=-2104963756&config=1,832,0,0
1747733777112,833,HTTP Request,200,OK,Thread Group 1 1-13,text,true,,231,161,14,14,http://localhost:8080/?token=495383897&user=-2104963756&config=1,833,0,0
1747733777187,837,HTTP Request,200,OK,Thread Group 1 1-9,text,true,,231,161,14,14,http://localhost:8080/?token=495383897&user=-2104963756&config=1,837,0,0
1747733777255,801,HTTP Request,200,OK,Thread Group 1 1-5,text,true,,231,161,14,14,http://localhost:8080/?token=495383897&user=-2104963756&config=1,801,0,0
1747733777324,835,HTTP Request,200,OK,Thread Group 1 1-1,text,true,,231,161,14,14,http://localhost:8080/?token=495383897&user=-2104963756&config=1,835,0,0
1747733777469,806,HTTP Request,200,OK,Thread Group 1 1-14,text,true,,231,161,14,14,http://localhost:8080/?token=495383897&user=-2104963756&config=1,806,0,0
1747733777543,849,HTTP Request,200,OK,Thread Group 1 1-10,text,true,,231,161,14,14,http://localhost:8080/?token=495383897&user=-2104963756&config=1,849,0,0
1747733777615,812,HTTP Request,200,OK,Thread Group 1 1-6,text,true,,231,161,14,14,http://localhost:8080/?token=495383897&user=-2104963756&config=1,812,0,0
1747733777681,834,HTTP Request,200,OK,Thread Group 1 1-2,text,true,,231,161,14,14,http://localhost:8080/?token=495383897&user=-2104963756&config=1,834,0,0
1747733777901,842,HTTP Request,200,OK,Thread Group 1 1-11,text,true,,231,161,14,14,http://localhost:8080/?token=495383897&user=-2104963756&config=1,842,0,0
1747733777973,852,HTTP Request,200,OK,Thread Group 1 1-7,text,false,"The operation lasted too long: It took 852 milliseconds, but should not have lasted longer than 850 milliseconds.",231,161,14,14,http://localhost:8080/?token=495383897&user=-2104963756&config=1,852,0,0
1747733778037,830,HTTP Request,200,OK,Thread Group 1 1-3,text,true,,231,161,14,14,http://localhost:8080/?token=495383897&user=-2104963756&config=1,830,0,0
1747733778257,830,HTTP Request,200,OK,Thread Group 1 1-12,text,true,,231,161,14,14,http://localhost:8080/?token=495383897&user=-2104963756&config=1,830,0,0
1747733778331,832,HTTP Request,200,OK,Thread Group 1 1-8,text,true,,231,161,14,14,http://localhost:8080/?token=495383897&user=-2104963756&config=1,832,0,0
1747733778396,831,HTTP Request,200,OK,Thread Group 1 1-4,text,true,,231,161,14,14,http://localhost:8080/?token=495383897&user=-2104963756&config=1,831,0,0
1747733778612,831,HTTP Request,200,OK,Thread Group 1 1-13,text,true,,231,161,14,14,http://localhost:8080/?token=495383897&user=-2104963756&config=1,831,0,0
1747733778688,815,HTTP Request,200,OK,Thread Group 1 1-9,text,true,,231,161,14,14,http://localhost:8080/?token=495383897&user=-2104963756&config=1,815,0,0
1747733778756,807,HTTP Request,200,OK,Thread Group 1 1-5,text,true,,231,161,14,14,http://localhost:8080/?token=495383897&user=-2104963756&config=1,807,0,0
1747733778825,830,HTTP Request,200,OK,Thread Group 1 1-1,text,true,,231,161,14,14,http://localhost:8080/?token=495383897&user=-2104963756&config=1,830,0,0
1747733778968,856,HTTP Request,200,OK,Thread Group 1 1-14,text,false,"The operation lasted too long: It took 856 milliseconds, but should not have lasted longer than 850 milliseconds.",231,161,14,14,http://localhost:8080/?token=495383897&user=-2104963756&config=1,856,0,0
1747733779044,860,HTTP Request,200,OK,Thread Group 1 1-10,text,false,"The operation lasted too long: It took 860 milliseconds, but should not have lasted longer than 850 milliseconds.",231,161,14,14,http://localhost:8080/?token=495383897&user=-2104963756&config=1,860,0,0
1747733779115,821,HTTP Request,200,OK,Thread Group 1 1-6,text,true,,231,161,14,14,http://localhost:8080/?token=495383897&user=-2104963756&config=1,821,0,0
1747733779182,845,HTTP Request,200,OK,Thread Group 1 1-2,text,true,,231,161,14,14,http://localhost:8080/?token=495383897&user=-2104963756&config=1,845,0,0
1747733779402,841,HTTP Request,200,OK,Thread Group 1 1-11,text,true,,231,161,14,14,http://localhost:8080/?token=495383897&user=-2104963756&config=1,841,0,0
1747733779473,818,HTTP Request,200,OK,Thread Group 1 1-7,text,true,,231,161,14,14,http://localhost:8080/?token=495383897&user=-2104963756&config=1,818,0,0
1747733779537,830,HTTP Request,200,OK,Thread Group 1 1-3,text,true,,231,161,14,14,http://localhost:8080/?token=495383897&user=-2104963756&config=1,830,0,0
1747733779756,804,HTTP Request,200,OK,Thread Group 1 1-12,text,true,,231,161,14,14,http://localhost:8080/?token=495383897&user=-2104963756&config=1,804,0,0
1747733779830,829,HTTP Request,200,OK,Thread Group 1 1-8,text,true,,231,161,14,14,http://localhost:8080/?token=495383897&user=-2104963756&config=1,829,0,0
1747733779895,865,HTTP Request,200,OK,Thread Group 1 1-4,text,false,"The operation lasted too long: It took 865 milliseconds, but should not have lasted longer than 850 milliseconds.",231,161,14,14,http://localhost:8080/?token=495383897&user=-2104963756&config=1,865,0,0
1747733780113,854,HTTP Request,200,OK,Thread Group 1 1-13,text,false,"The operation lasted too long: It took 854 milliseconds, but should not have lasted longer than 850 milliseconds.",231,161,14,14,http://localhost:8080/?token=495383897&user=-2104963756&config=1,854,0,0
1747733780187,831,HTTP Request,200,OK,Thread Group 1 1-9,text,true,,231,161,14,14,http://localhost:8080/?token=495383897&user=-2104963756&config=1,831,0,0
1747733780255,854,HTTP Request,200,OK,Thread Group 1 1-5,text,false,"The operation lasted too long: It took 854 milliseconds, but should not have lasted longer than 850 milliseconds.",231,161,14,14,http://localhost:8080/?token=495383897&user=-2104963756&config=1,854,0,0
1747733780324,848,HTTP Request,200,OK,Thread Group 1 1-1,text,true,,231,161,14,14,http://localhost:8080/?token=495383897&user=-2104963756&config=1,848,0,0
1747733780468,856,HTTP Request,200,OK,Thread Group 1 1-14,text,false,"The operation lasted too long: It took 856 milliseconds, but should not have lasted longer than 850 milliseconds.",231,161,14,14,http://localhost:8080/?token=495383897&user=-2104963756&config=1,856,0,0
1747733780544,840,HTTP Request,200,OK,Thread Group 1 1-10,text,true,,231,161,14,14,http://localhost:8080/?token=495383897&user=-2104963756&config=1,840,0,0
1747733780614,829,HTTP Request,200,OK,Thread Group 1 1-6,text,true,,231,161,14,14,http://localhost:8080/?token=495383897&user=-2104963756&config=1,829,0,0
1747733780682,854,HTTP Request,200,OK,Thread Group 1 1-2,text,false,"The operation lasted too long: It took 854 milliseconds, but should not have lasted longer than 850 milliseconds.",231,161,14,14,http://localhost:8080/?token=495383897&user=-2104963756&config=1,854,0,0
1747733780901,823,HTTP Request,200,OK,Thread Group 1 1-11,text,true,,231,161,14,14,http://localhost:8080/?token=495383897&user=-2104963756&config=1,823,0,0
1747733780973,812,HTTP Request,200,OK,Thread Group 1 1-7,text,true,,231,161,14,14,http://localhost:8080/?token=495383897&user=-2104963756&config=1,811,0,0
1747733781037,838,HTTP Request,200,OK,Thread Group 1 1-3,text,true,,231,161,14,14,http://localhost:8080/?token=495383897&user=-2104963756&config=1,838,0,0
1747733781256,847,HTTP Request,200,OK,Thread Group 1 1-12,text,true,,231,161,14,14,http://localhost:8080/?token=495383897&user=-2104963756&config=1,847,0,0
1747733781330,821,HTTP Request,200,OK,Thread Group 1 1-8,text,true,,231,161,14,14,http://localhost:8080/?token=495383897&user=-2104963756&config=1,821,0,0
1747733781396,839,HTTP Request,200,OK,Thread Group 1 1-4,text,true,,231,161,14,14,http://localhost:8080/?token=495383897&user=-2104963756&config=1,839,0,0
1747733781612,847,HTTP Request,200,OK,Thread Group 1 1-13,text,true,,231,161,14,14,http://localhost:8080/?token=495383897&user=-2104963756&config=1,847,0,0
1747733781688,836,HTTP Request,200,OK,Thread Group 1 1-9,text,true,,231,161,14,14,http://localhost:8080/?token=495383897&user=-2104963756&config=1,836,0,0
1747733781755,828,HTTP Request,200,OK,Thread Group 1 1-5,text,true,,231,161,14,14,http://localhost:8080/?token=495383897&user=-2104963756&config=1,828,0,0
1747733781824,823,HTTP Request,200,OK,Thread Group 1 1-1,text,true,,231,161,14,14,http://localhost:8080/?token=495383897&user=-2104963756&config=1,823,0,0
1747733781968,835,HTTP Request,200,OK,Thread Group 1 1-14,text,true,,231,161,14,14,http://localhost:8080/?token=495383897&user=-2104963756&config=1,835,0,0
1747733782043,852,HTTP Request,200,OK,Thread Group 1 1-10,text,false,"The operation lasted too long: It took 852 milliseconds, but should not have lasted longer than 850 milliseconds.",231,161,14,14,http://localhost:8080/?token=495383897&user=-2104963756&config=1,852,0,0
1747733782115,815,HTTP Request,200,OK,Thread Group 1 1-6,text,true,,231,161,14,14,http://localhost:8080/?token=495383897&user=-2104963756&config=1,815,0,0
1747733782181,870,HTTP Request,200,OK,Thread Group 1 1-2,text,false,"The operation lasted too long: It took 870 milliseconds, but should not have lasted longer than 850 milliseconds.",231,161,14,14,http://localhost:8080/?token=495383897&user=-2104963756&config=1,870,0,0
1747733782401,863,HTTP Request,200,OK,Thread Group 1 1-11,text,false,"The operation lasted too long: It took 863 milliseconds, but should not have lasted longer than 850 milliseconds.",231,161,14,14,http://localhost:8080/?token=495383897&user=-2104963756&config=1,863,0,0
1747733782473,826,HTTP Request,200,OK,Thread Group 1 1-7,text,true,,231,161,14,14,http://localhost:8080/?token=495383897&user=-2104963756&config=1,826,0,0
1747733782537,834,HTTP Request,200,OK,Thread Group 1 1-3,text,true,,231,161,14,14,http://localhost:8080/?token=495383897&user=-2104963756&config=1,834,0,0
1747733782756,875,HTTP Request,200,OK,Thread Group 1 1-12,text,false,"The operation lasted too long: It took 875 milliseconds, but should not have lasted longer than 850 milliseconds.",231,161,14,14,http://localhost:8080/?token=495383897&user=-2104963756&config=1,875,0,0
1747733782829,839,HTTP Request,200,OK,Thread Group 1 1-8,text,true,,231,161,14,14,http://localhost:8080/?token=495383897&user=-2104963756&config=1,839,0,0
1747733782895,833,HTTP Request,200,OK,Thread Group 1 1-4,text,true,,231,161,14,14,http://localhost:8080/?token=495383897&user=-2104963756&config=1,833,0,0
1747733783112,860,HTTP Request,200,OK,Thread Group 1 1-13,text,false,"The operation lasted too long: It took 860 milliseconds, but should not have lasted longer than 850 milliseconds.",231,161,14,14,http://localhost:8080/?token=495383897&user=-2104963756&config=1,860,0,0
1747733783188,855,HTTP Request,200,OK,Thread Group 1 1-9,text,false,"The operation lasted too long: It took 855 milliseconds, but should not have lasted longer than 850 milliseconds.",231,161,14,14,http://localhost:8080/?token=495383897&user=-2104963756&config=1,855,0,0
1747733783255,838,HTTP Request,200,OK,Thread Group 1 1-5,text,true,,231,161,14,14,http://localhost:8080/?token=495383897&user=-2104963756&config=1,838,0,0
1747733783324,827,HTTP Request,200,OK,Thread Group 1 1-1,text,true,,231,161,14,14,http://localhost:8080/?token=495383897&user=-2104963756&config=1,827,0,0
1747733783468,848,HTTP Request,200,OK,Thread Group 1 1-14,text,true,,231,161,14,14,http://localhost:8080/?token=495383897&user=-2104963756&config=1,848,0,0
1747733783543,856,HTTP Request,200,OK,Thread Group 1 1-10,text,false,"The operation lasted too long: It took 856 milliseconds, but should not have lasted longer than 850 milliseconds.",231,161,14,14,http://localhost:8080/?token=495383897&user=-2104963756&config=1,856,0,0
1747733783614,817,HTTP Request,200,OK,Thread Group 1 1-6,text,true,,231,161,14,14,http://localhost:8080/?token=495383897&user=-2104963756&config=1,817,0,0
1747733783681,810,HTTP Request,200,OK,Thread Group 1 1-2,text,true,,231,161,14,14,http://localhost:8080/?token=495383897&user=-2104963756&config=1,810,0,0
1747733783901,891,HTTP Request,200,OK,Thread Group 1 1-11,text,false,"The operation lasted too long: It took 891 milliseconds, but should not have lasted longer than 850 milliseconds.",231,161,14,14,http://localhost:8080/?token=495383897&user=-2104963756&config=1,891,0,0
1747733783973,836,HTTP Request,200,OK,Thread Group 1 1-7,text,true,,231,161,14,14,http://localhost:8080/?token=495383897&user=-2104963756&config=1,836,0,0
1747733784037,891,HTTP Request,200,OK,Thread Group 1 1-3,text,false,"The operation lasted too long: It took 891 milliseconds, but should not have lasted longer than 850 milliseconds.",231,161,14,14,http://localhost:8080/?token=495383897&user=-2104963756&config=1,891,0,0
1747733784256,825,HTTP Request,200,OK,Thread Group 1 1-12,text,true,,231,161,14,14,http://localhost:8080/?token=495383897&user=-2104963756&config=1,825,0,0
1747733784331,848,HTTP Request,200,OK,Thread Group 1 1-8,text,true,,231,161,14,14,http://localhost:8080/?token=495383897&user=-2104963756&config=1,848,0,0
1747733784395,828,HTTP Request,200,OK,Thread Group 1 1-4,text,true,,231,161,14,14,http://localhost:8080/?token=495383897&user=-2104963756&config=1,828,0,0
1747733784612,846,HTTP Request,200,OK,Thread Group 1 1-13,text,true,,231,161,14,14,http://localhost:8080/?token=495383897&user=-2104963756&config=1,846,0,0
1747733784687,828,HTTP Request,200,OK,Thread Group 1 1-9,text,true,,231,161,14,14,http://localhost:8080/?token=495383897&user=-2104963756&config=1,828,0,0
1747733784755,850,HTTP Request,200,OK,Thread Group 1 1-5,text,true,,231,161,14,14,http://localhost:8080/?token=495383897&user=-2104963756&config=1,850,0,0
1747733784825,810,HTTP Request,200,OK,Thread Group 1 1-1,text,true,,231,161,14,14,http://localhost:8080/?token=495383897&user=-2104963756&config=1,810,0,0
1747733784969,820,HTTP Request,200,OK,Thread Group 1 1-14,text,true,,231,161,14,14,http://localhost:8080/?token=495383897&user=-2104963756&config=1,820,0,0
1747733785043,827,HTTP Request,200,OK,Thread Group 1 1-10,text,true,,231,161,14,14,http://localhost:8080/?token=495383897&user=-2104963756&config=1,827,0,0
1747733785113,844,HTTP Request,200,OK,Thread Group 1 1-6,text,true,,231,161,14,14,http://localhost:8080/?token=495383897&user=-2104963756&config=1,844,0,0
1747733785181,834,HTTP Request,200,OK,Thread Group 1 1-2,text,true,,231,161,14,14,http://localhost:8080/?token=495383897&user=-2104963756&config=1,834,0,0
1747733785401,814,HTTP Request,200,OK,Thread Group 1 1-11,text,true,,231,161,14,14,http://localhost:8080/?token=495383897&user=-2104963756&config=1,814,0,0
1747733785473,834,HTTP Request,200,OK,Thread Group 1 1-7,text,true,,231,161,14,14,http://localhost:8080/?token=495383897&user=-2104963756&config=1,834,0,0
1747733785538,845,HTTP Request,200,OK,Thread Group 1 1-3,text,true,,231,161,14,14,http://localhost:8080/?token=495383897&user=-2104963756&config=1,845,0,0
1747733785756,827,HTTP Request,200,OK,Thread Group 1 1-12,text,true,,231,161,14,14,http://localhost:8080/?token=495383897&user=-2104963756&config=1,827,0,0
1747733785830,813,HTTP Request,200,OK,Thread Group 1 1-8,text,true,,231,161,14,14,http://localhost:8080/?token=495383897&user=-2104963756&config=1,813,0,0
1747733785895,828,HTTP Request,200,OK,Thread Group 1 1-4,text,true,,231,161,14,14,http://localhost:8080/?token=495383897&user=-2104963756&config=1,828,0,0
1747733786113,822,HTTP Request,200,OK,Thread Group 1 1-13,text,true,,231,161,14,14,http://localhost:8080/?token=495383897&user=-2104963756&config=1,822,0,0
1747733786188,828,HTTP Request,200,OK,Thread Group 1 1-9,text,true,,231,161,14,14,http://localhost:8080/?token=495383897&user=-2104963756&config=1,828,0,0
1747733786257,819,HTTP Request,200,OK,Thread Group 1 1-5,text,true,,231,161,14,14,http://localhost:8080/?token=495383897&user=-2104963756&config=1,818,0,0
1747733786326,874,HTTP Request,200,OK,Thread Group 1 1-1,text,false,"The operation lasted too long: It took 874 milliseconds, but should not have lasted longer than 850 milliseconds.",231,161,14,14,http://localhost:8080/?token=495383897&user=-2104963756&config=1,874,0,0
1747733786470,822,HTTP Request,200,OK,Thread Group 1 1-14,text,true,,231,161,14,14,http://localhost:8080/?token=495383897&user=-2104963756&config=1,822,0,0
1747733786545,839,HTTP Request,200,OK,Thread Group 1 1-10,text,true,,231,161,14,14,http://localhost:8080/?token=495383897&user=-2104963756&config=1,839,0,0
1747733786616,866,HTTP Request,200,OK,Thread Group 1 1-6,text,false,"The operation lasted too long: It took 866 milliseconds, but should not have lasted longer than 850 milliseconds.",231,161,14,14,http://localhost:8080/?token=495383897&user=-2104963756&config=1,866,0,0
1747733786682,858,HTTP Request,200,OK,Thread Group 1 1-2,text,false,"The operation lasted too long: It took 858 milliseconds, but should not have lasted longer than 850 milliseconds.",231,161,14,14,http://localhost:8080/?token=495383897&user=-2104963756&config=1,858,0,0
1747733786902,842,HTTP Request,200,OK,Thread Group 1 1-11,text,true,,231,161,14,14,http://localhost:8080/?token=495383897&user=-2104963756&config=1,842,0,0
1747733786975,830,HTTP Request,200,OK,Thread Group 1 1-7,text,true,,231,161,14,14,http://localhost:8080/?token=495383897&user=-2104963756&config=1,830,0,0
1747733787038,858,HTTP Request,200,OK,Thread Group 1 1-3,text,false,"The operation lasted too long: It took 858 milliseconds, but should not have lasted longer than 850 milliseconds.",231,161,14,14,http://localhost:8080/?token=495383897&user=-2104963756&config=1,858,0,0
1747733787257,855,HTTP Request,200,OK,Thread Group 1 1-12,text,false,"The operation lasted too long: It took 855 milliseconds, but should not have lasted longer than 850 milliseconds.",231,161,14,14,http://localhost:8080/?token=495383897&user=-2104963756&config=1,855,0,0
1747733787331,813,HTTP Request,200,OK,Thread Group 1 1-8,text,true,,231,161,14,14,http://localhost:8080/?token=495383897&user=-2104963756&config=1,813,0,0
1747733787396,830,HTTP Request,200,OK,Thread Group 1 1-4,text,true,,231,161,14,14,http://localhost:8080/?token=495383897&user=-2104963756&config=1,830,0,0
1747733787613,840,HTTP Request,200,OK,Thread Group 1 1-13,text,true,,231,161,14,14,http://localhost:8080/?token=495383897&user=-2104963756&config=1,840,0,0
1747733787689,826,HTTP Request,200,OK,Thread Group 1 1-9,text,true,,231,161,14,14,http://localhost:8080/?token=495383897&user=-2104963756&config=1,826,0,0
1747733787756,836,HTTP Request,200,OK,Thread Group 1 1-5,text,true,,231,161,14,14,http://localhost:8080/?token=495383897&user=-2104963756&config=1,836,0,0
1747733787825,859,HTTP Request,200,OK,Thread Group 1 1-1,text,false,"The operation lasted too long: It took 859 milliseconds, but should not have lasted longer than 850 milliseconds.",231,161,14,14,http://localhost:8080/?token=495383897&user=-2104963756&config=1,859,0,0
1747733787970,810,HTTP Request,200,OK,Thread Group 1 1-14,text,true,,231,161,14,14,http://localhost:8080/?token=495383897&user=-2104963756&config=1,810,0,0
1747733788044,832,HTTP Request,200,OK,Thread Group 1 1-10,text,true,,231,161,14,14,http://localhost:8080/?token=495383897&user=-2104963756&config=1,832,0,0
1747733788115,858,HTTP Request,200,OK,Thread Group 1 1-6,text,false,"The operation lasted too long: It took 858 milliseconds, but should not have lasted longer than 850 milliseconds.",231,161,14,14,http://localhost:8080/?token=495383897&user=-2104963756&config=1,858,0,0
1747733788182,807,HTTP Request,200,OK,Thread Group 1 1-2,text,true,,231,161,14,14,http://localhost:8080/?token=495383897&user=-2104963756&config=1,807,0,0
1747733788402,827,HTTP Request,200,OK,Thread Group 1 1-11,text,true,,231,161,14,14,http://localhost:8080/?token=495383897&user=-2104963756&config=1,827,0,0
1747733788474,852,HTTP Request,200,OK,Thread Group 1 1-7,text,false,"The operation lasted too long: It took 852 milliseconds, but should not have lasted longer than 850 milliseconds.",231,161,14,14,http://localhost:8080/?token=495383897&user=-2104963756&config=1,852,0,0
1747733788539,838,HTTP Request,200,OK,Thread Group 1 1-3,text,true,,231,161,14,14,http://localhost:8080/?token=495383897&user=-2104963756&config=1,838,0,0
1747733788757,839,HTTP Request,200,OK,Thread Group 1 1-12,text,true,,231,161,14,14,http://localhost:8080/?token=495383897&user=-2104963756&config=1,839,0,0
1747733788831,829,HTTP Request,200,OK,Thread Group 1 1-8,text,true,,231,161,14,14,http://localhost:8080/?token=495383897&user=-2104963756&config=1,829,0,0
1747733788896,824,HTTP Request,200,OK,Thread Group 1 1-4,text,true,,231,161,14,14,http://localhost:8080/?token=495383897&user=-2104963756&config=1,824,0,0
1747733789114,850,HTTP Request,200,OK,Thread Group 1 1-13,text,true,,231,161,14,14,http://localhost:8080/?token=495383897&user=-2104963756&config=1,850,0,0
1747733789188,856,HTTP Request,200,OK,Thread Group 1 1-9,text,false,"The operation lasted too long: It took 856 milliseconds, but should not have lasted longer than 850 milliseconds.",231,161,14,14,http://localhost:8080/?token=495383897&user=-2104963756&config=1,856,0,0
1747733789257,832,HTTP Request,200,OK,Thread Group 1 1-5,text,true,,231,161,14,14,http://localhost:8080/?token=495383897&user=-2104963756&config=1,832,0,0
1747733789325,844,HTTP Request,200,OK,Thread Group 1 1-1,text,true,,231,161,14,14,http://localhost:8080/?token=495383897&user=-2104963756&config=1,844,0,0
1747733789469,851,HTTP Request,200,OK,Thread Group 1 1-14,text,false,"The operation lasted too long: It took 851 milliseconds, but should not have lasted longer than 850 milliseconds.",231,161,14,14,http://localhost:8080/?token=495383897&user=-2104963756&config=1,851,0,0
1747733789544,824,HTTP Request,200,OK,Thread Group 1 1-10,text,true,,231,161,14,14,http://localhost:8080/?token=495383897&user=-2104963756&config=1,824,0,0
1747733789615,845,HTTP Request,200,OK,Thread Group 1 1-6,text,true,,231,161,14,14,http://localhost:8080/?token=495383897&user=-2104963756&config=1,845,0,0
1747733789682,842,HTTP Request,200,OK,Thread Group 1 1-2,text,true,,231,161,14,14,http://localhost:8080/?token=495383897&user=-2104963756&config=1,842,0,0
1747733789902,843,HTTP Request,200,OK,Thread Group 1 1-11,text,true,,231,161,14,14,http://localhost:8080/?token=495383897&user=-2104963756&config=1,843,0,0
1747733789974,830,HTTP Request,200,OK,Thread Group 1 1-7,text,true,,231,161,14,14,http://localhost:8080/?token=495383897&user=-2104963756&config=1,830,0,0
1747733790038,858,HTTP Request,200,OK,Thread Group 1 1-3,text,false,"The operation lasted too long: It took 858 milliseconds, but should not have lasted longer than 850 milliseconds.",231,161,14,14,http://localhost:8080/?token=495383897&user=-2104963756&config=1,858,0,0
1747733790257,823,HTTP Request,200,OK,Thread Group 1 1-12,text,true,,231,161,14,14,http://localhost:8080/?token=495383897&user=-2104963756&config=1,823,0,0
1747733790331,829,HTTP Request,200,OK,Thread Group 1 1-8,text,true,,231,161,14,14,http://localhost:8080/?token=495383897&user=-2104963756&config=1,829,0,0
1747733790396,828,HTTP Request,200,OK,Thread Group 1 1-4,text,true,,231,161,14,14,http://localhost:8080/?token=495383897&user=-2104963756&config=1,828,0,0
1747733790614,858,HTTP Request,200,OK,Thread Group 1 1-13,text,false,"The operation lasted too long: It took 858 milliseconds, but should not have lasted longer than 850 milliseconds.",231,161,14,14,http://localhost:8080/?token=495383897&user=-2104963756&config=1,858,0,0
1747733790688,825,HTTP Request,200,OK,Thread Group 1 1-9,text,true,,231,161,14,14,http://localhost:8080/?token=495383897&user=-2104963756&config=1,825,0,0
1747733790756,818,HTTP Request,200,OK,Thread Group 1 1-5,text,true,,231,161,14,14,http://localhost:8080/?token=495383897&user=-2104963756&config=1,818,0,0
1747733790825,839,HTTP Request,200,OK,Thread Group 1 1-1,text,true,,231,161,14,14,http://localhost:8080/?token=495383897&user=-2104963756&config=1,839,0,0
1747733790970,818,HTTP Request,200,OK,Thread Group 1 1-14,text,true,,231,161,14,14,http://localhost:8080/?token=495383897&user=-2104963756&config=1,818,0,0
1747733791044,837,HTTP Request,200,OK,Thread Group 1 1-10,text,true,,231,161,14,14,http://localhost:8080/?token=495383897&user=-2104963756&config=1,837,0,0
1747733791115,825,HTTP Request,200,OK,Thread Group 1 1-6,text,true,,231,161,14,14,http://localhost:8080/?token=495383897&user=-2104963756&config=1,825,0,0
1747733791182,850,HTTP Request,200,OK,Thread Group 1 1-2,text,true,,231,161,14,14,http://localhost:8080/?token=495383897&user=-2104963756&config=1,850,0,0
1747733791401,847,HTTP Request,200,OK,Thread Group 1 1-11,text,true,,231,161,14,14,http://localhost:8080/?token=495383897&user=-2104963756&config=1,847,0,0
1747733791474,850,HTTP Request,200,OK,Thread Group 1 1-7,text,true,,231,161,14,14,http://localhost:8080/?token=495383897&user=-2104963756&config=1,850,0,0
1747733791538,843,HTTP Request,200,OK,Thread Group 1 1-3,text,true,,231,161,14,14,http://localhost:8080/?token=495383897&user=-2104963756&config=1,843,0,0
1747733791757,827,HTTP Request,200,OK,Thread Group 1 1-12,text,true,,231,161,14,14,http://localhost:8080/?token=495383897&user=-2104963756&config=1,827,0,0
1747733791831,817,HTTP Request,200,OK,Thread Group 1 1-8,text,true,,231,161,14,14,http://localhost:8080/?token=495383897&user=-2104963756&config=1,817,0,0
1747733791896,850,HTTP Request,200,OK,Thread Group 1 1-4,text,true,,231,161,14,14,http://localhost:8080/?token=495383897&user=-2104963756&config=1,850,0,0
1747733792114,846,HTTP Request,200,OK,Thread Group 1 1-13,text,true,,231,161,14,14,http://localhost:8080/?token=495383897&user=-2104963756&config=1,846,0,0
1747733792188,848,HTTP Request,200,OK,Thread Group 1 1-9,text,true,,231,161,14,14,http://localhost:8080/?token=495383897&user=-2104963756&config=1,848,0,0
1747733792258,838,HTTP Request,200,OK,Thread Group 1 1-5,text,true,,231,161,14,14,http://localhost:8080/?token=495383897&user=-2104963756&config=1,838,0,0
1747733792324,864,HTTP Request,200,OK,Thread Group 1 1-1,text,false,"The operation lasted too long: It took 864 milliseconds, but should not have lasted longer than 850 milliseconds.",231,161,14,14,http://localhost:8080/?token=495383897&user=-2104963756&config=1,864,0,0
1747733792469,859,HTTP Request,200,OK,Thread Group 1 1-14,text,false,"The operation lasted too long: It took 859 milliseconds, but should not have lasted longer than 850 milliseconds.",231,161,14,14,http://localhost:8080/?token=495383897&user=-2104963756&config=1,859,0,0
1747733792544,864,HTTP Request,200,OK,Thread Group 1 1-10,text,false,"The operation lasted too long: It took 864 milliseconds, but should not have lasted longer than 850 milliseconds.",231,161,14,14,http://localhost:8080/?token=495383897&user=-2104963756&config=1,864,0,0
1747733792616,852,HTTP Request,200,OK,Thread Group 1 1-6,text,false,"The operation lasted too long: It took 852 milliseconds, but should not have lasted longer than 850 milliseconds.",231,161,14,14,http://localhost:8080/?token=495383897&user=-2104963756&config=1,852,0,0
1747733792682,846,HTTP Request,200,OK,Thread Group 1 1-2,text,true,,231,161,14,14,http://localhost:8080/?token=495383897&user=-2104963756&config=1,846,0,0
1747733792903,842,HTTP Request,200,OK,Thread Group 1 1-11,text,true,,231,161,14,14,http://localhost:8080/?token=495383897&user=-2104963756&config=1,842,0,0
1747733792974,830,HTTP Request,200,OK,Thread Group 1 1-7,text,true,,231,161,14,14,http://localhost:8080/?token=495383897&user=-2104963756&config=1,830,0,0
1747733793038,830,HTTP Request,200,OK,Thread Group 1 1-3,text,true,,231,161,14,14,http://localhost:8080/?token=495383897&user=-2104963756&config=1,830,0,0
1747733793257,827,HTTP Request,200,OK,Thread Group 1 1-12,text,true,,231,161,14,14,http://localhost:8080/?token=495383897&user=-2104963756&config=1,827,0,0
1747733793332,812,HTTP Request,200,OK,Thread Group 1 1-8,text,true,,231,161,14,14,http://localhost:8080/?token=495383897&user=-2104963756&config=1,812,0,0
1747733793396,856,HTTP Request,200,OK,Thread Group 1 1-4,text,false,"The operation lasted too long: It took 856 milliseconds, but should not have lasted longer than 850 milliseconds.",231,161,14,14,http://localhost:8080/?token=495383897&user=-2104963756&config=1,856,0,0
1747733793613,853,HTTP Request,200,OK,Thread Group 1 1-13,text,false,"The operation lasted too long: It took 853 milliseconds, but should not have lasted longer than 850 milliseconds.",231,161,14,14,http://localhost:8080/?token=495383897&user=-2104963756&config=1,852,0,0
1747733793688,856,HTTP Request,200,OK,Thread Group 1 1-9,text,false,"The operation lasted too long: It took 856 milliseconds, but should not have lasted longer than 850 milliseconds.",231,161,14,14,http://localhost:8080/?token=495383897&user=-2104963756&config=1,856,0,0
1747733793757,819,HTTP Request,200,OK,Thread Group 1 1-5,text,true,,231,161,14,14,http://localhost:8080/?token=495383897&user=-2104963756&config=1,819,0,0
1747733793826,838,HTTP Request,200,OK,Thread Group 1 1-1,text,true,,231,161,14,14,http://localhost:8080/?token=495383897&user=-2104963756&config=1,838,0,0
1747733793969,821,HTTP Request,200,OK,Thread Group 1 1-14,text,true,,231,161,14,14,http://localhost:8080/?token=495383897&user=-2104963756&config=1,821,0,0
1747733794046,835,HTTP Request,200,OK,Thread Group 1 1-10,text,true,,231,161,14,14,http://localhost:8080/?token=495383897&user=-2104963756&config=1,835,0,0
1747733794115,831,HTTP Request,200,OK,Thread Group 1 1-6,text,true,,231,161,14,14,http://localhost:8080/?token=495383897&user=-2104963756&config=1,831,0,0
1747733794182,823,HTTP Request,200,OK,Thread Group 1 1-2,text,true,,231,161,14,14,http://localhost:8080/?token=495383897&user=-2104963756&config=1,823,0,0
1747733794402,852,HTTP Request,200,OK,Thread Group 1 1-11,text,false,"The operation lasted too long: It took 852 milliseconds, but should not have lasted longer than 850 milliseconds.",231,161,14,14,http://localhost:8080/?token=495383897&user=-2104963756&config=1,852,0,0
1747733794474,807,HTTP Request,200,OK,Thread Group 1 1-7,text,true,,231,161,14,14,http://localhost:8080/?token=495383897&user=-2104963756&config=1,807,0,0
1747733794539,837,HTTP Request,200,OK,Thread Group 1 1-3,text,true,,231,161,14,14,http://localhost:8080/?token=495383897&user=-2104963756&config=1,837,0,0
1747733794757,836,HTTP Request,200,OK,Thread Group 1 1-12,text,true,,231,161,14,14,http://localhost:8080/?token=495383897&user=-2104963756&config=1,836,0,0
1747733794831,813,HTTP Request,200,OK,Thread Group 1 1-8,text,true,,231,161,14,14,http://localhost:8080/?token=495383897&user=-2104963756&config=1,813,0,0
1747733794897,863,HTTP Request,200,OK,Thread Group 1 1-4,text,false,"The operation lasted too long: It took 863 milliseconds, but should not have lasted longer than 850 milliseconds.",231,161,14,14,http://localhost:8080/?token=495383897&user=-2104963756&config=1,863,0,0
1747733795113,835,HTTP Request,200,OK,Thread Group 1 1-13,text,true,,231,161,14,14,http://localhost:8080/?token=495383897&user=-2104963756&config=1,835,0,0
1747733795189,852,HTTP Request,200,OK,Thread Group 1 1-9,text,false,"The operation lasted too long: It took 852 milliseconds, but should not have lasted longer than 850 milliseconds.",231,161,14,14,http://localhost:8080/?token=495383897&user=-2104963756&config=1,852,0,0
1747733795256,816,HTTP Request,200,OK,Thread Group 1 1-5,text,true,,231,161,14,14,http://localhost:8080/?token=495383897&user=-2104963756&config=1,816,0,0
1747733795325,807,HTTP Request,200,OK,Thread Group 1 1-1,text,true,,231,161,14,14,http://localhost:8080/?token=495383897&user=-2104963756&config=1,807,0,0
1747733795468,852,HTTP Request,200,OK,Thread Group 1 1-14,text,false,"The operation lasted too long: It took 852 milliseconds, but should not have lasted longer than 850 milliseconds.",231,161,14,14,http://localhost:8080/?token=495383897&user=-2104963756&config=1,852,0,0
1747733795544,840,HTTP Request,200,OK,Thread Group 1 1-10,text,true,,231,161,14,14,http://localhost:8080/?token=495383897&user=-2104963756&config=1,840,0,0
1747733795615,829,HTTP Request,200,OK,Thread Group 1 1-6,text,true,,231,161,14,14,http://localhost:8080/?token=495383897&user=-2104963756&config=1,829,0,0
1747733795683,821,HTTP Request,200,OK,Thread Group 1 1-2,text,true,,231,161,14,14,http://localhost:8080/?token=495383897&user=-2104963756&config=1,821,0,0
1747733795902,851,HTTP Request,200,OK,Thread Group 1 1-11,text,false,"The operation lasted too long: It took 851 milliseconds, but should not have lasted longer than 850 milliseconds.",231,161,14,14,http://localhost:8080/?token=495383897&user=-2104963756&config=1,851,0,0
1747733795974,827,HTTP Request,200,OK,Thread Group 1 1-7,text,true,,231,161,14,14,http://localhost:8080/?token=495383897&user=-2104963756&config=1,827,0,0
1747733796038,855,HTTP Request,200,OK,Thread Group 1 1-3,text,false,"The operation lasted too long: It took 855 milliseconds, but should not have lasted longer than 850 milliseconds.",231,161,14,14,http://localhost:8080/?token=495383897&user=-2104963756&config=1,855,0,0
1747733796256,823,HTTP Request,200,OK,Thread Group 1 1-12,text,true,,231,161,14,14,http://localhost:8080/?token=495383897&user=-2104963756&config=1,823,0,0
1747733796330,825,HTTP Request,200,OK,Thread Group 1 1-8,text,true,,231,161,14,14,http://localhost:8080/?token=495383897&user=-2104963756&config=1,825,0,0
1747733796394,828,HTTP Request,200,OK,Thread Group 1 1-4,text,true,,231,161,14,14,http://localhost:8080/?token=495383897&user=-2104963756&config=1,828,0,0
1747733796612,811,HTTP Request,200,OK,Thread Group 1 1-13,text,true,,231,161,14,14,http://localhost:8080/?token=495383897&user=-2104963756&config=1,811,0,0
1747733796687,824,HTTP Request,200,OK,Thread Group 1 1-9,text,true,,231,161,14,14,http://localhost:8080/?token=495383897&user=-2104963756&config=1,824,0,0
1747733796755,816,HTTP Request,200,OK,Thread Group 1 1-5,text,true,,231,161,14,14,http://localhost:8080/?token=495383897&user=-2104963756&config=1,816,0,0
1747733796825,838,HTTP Request,200,OK,Thread Group 1 1-1,text,true,,231,161,14,14,http://localhost:8080/?token=495383897&user=-2104963756&config=1,838,0,0
1747733796969,850,HTTP Request,200,OK,Thread Group 1 1-14,text,true,,231,161,14,14,http://localhost:8080/?token=495383897&user=-2104963756&config=1,850,0,0
1747733797043,853,HTTP Request,200,OK,Thread Group 1 1-10,text,false,"The operation lasted too long: It took 853 milliseconds, but should not have lasted longer than 850 milliseconds.",231,161,14,14,http://localhost:8080/?token=495383897&user=-2104963756&config=1,853,0,0
1747733797114,817,HTTP Request,200,OK,Thread Group 1 1-6,text,true,,231,161,14,14,http://localhost:8080/?token=495383897&user=-2104963756&config=1,817,0,0
1747733797181,842,HTTP Request,200,OK,Thread Group 1 1-2,text,true,,231,161,14,14,http://localhost:8080/?token=495383897&user=-2104963756&config=1,842,0,0
1747733797402,837,HTTP Request,200,OK,Thread Group 1 1-11,text,true,,231,161,14,14,http://localhost:8080/?token=495383897&user=-2104963756&config=1,837,0,0
1747733797473,858,HTTP Request,200,OK,Thread Group 1 1-7,text,false,"The operation lasted too long: It took 858 milliseconds, but should not have lasted longer than 850 milliseconds.",231,161,14,14,http://localhost:8080/?token=495383897&user=-2104963756&config=1,858,0,0
1747733797537,826,HTTP Request,200,OK,Thread Group 1 1-3,text,true,,231,161,14,14,http://localhost:8080/?token=495383897&user=-2104963756&config=1,826,0,0
1747733797756,828,HTTP Request,200,OK,Thread Group 1 1-12,text,true,,231,161,14,14,http://localhost:8080/?token=495383897&user=-2104963756&config=1,828,0,0
1747733797830,820,HTTP Request,200,OK,Thread Group 1 1-8,text,true,,231,161,14,14,http://localhost:8080/?token=495383897&user=-2104963756&config=1,820,0,0
1747733797895,852,HTTP Request,200,OK,Thread Group 1 1-4,text,false,"The operation lasted too long: It took 852 milliseconds, but should not have lasted longer than 850 milliseconds.",231,161,14,14,http://localhost:8080/?token=495383897&user=-2104963756&config=1,852,0,0
1747733798112,835,HTTP Request,200,OK,Thread Group 1 1-13,text,true,,231,161,14,14,http://localhost:8080/?token=495383897&user=-2104963756&config=1,835,0,0
1747733798187,841,HTTP Request,200,OK,Thread Group 1 1-9,text,true,,231,161,14,14,http://localhost:8080/?token=495383897&user=-2104963756&config=1,841,0,0
1747733798256,863,HTTP Request,200,OK,Thread Group 1 1-5,text,false,"The operation lasted too long: It took 863 milliseconds, but should not have lasted longer than 850 milliseconds.",231,161,14,14,http://localhost:8080/?token=495383897&user=-2104963756&config=1,863,0,0
1747733798324,859,HTTP Request,200,OK,Thread Group 1 1-1,text,false,"The operation lasted too long: It took 859 milliseconds, but should not have lasted longer than 850 milliseconds.",231,161,14,14,http://localhost:8080/?token=495383897&user=-2104963756&config=1,859,0,0
1747733798469,865,HTTP Request,200,OK,Thread Group 1 1-14,text,false,"The operation lasted too long: It took 865 milliseconds, but should not have lasted longer than 850 milliseconds.",231,161,14,14,http://localhost:8080/?token=495383897&user=-2104963756&config=1,865,0,0
1747733798544,851,HTTP Request,200,OK,Thread Group 1 1-10,text,false,"The operation lasted too long: It took 851 milliseconds, but should not have lasted longer than 850 milliseconds.",231,161,14,14,http://localhost:8080/?token=495383897&user=-2104963756&config=1,851,0,0
1747733798615,844,HTTP Request,200,OK,Thread Group 1 1-6,text,true,,231,161,14,14,http://localhost:8080/?token=495383897&user=-2104963756&config=1,844,0,0
1747733798681,809,HTTP Request,200,OK,Thread Group 1 1-2,text,true,,231,161,14,14,http://localhost:8080/?token=495383897&user=-2104963756&config=1,809,0,0
1747733798902,866,HTTP Request,200,OK,Thread Group 1 1-11,text,false,"The operation lasted too long: It took 866 milliseconds, but should not have lasted longer than 850 milliseconds.",231,161,14,14,http://localhost:8080/?token=495383897&user=-2104963756&config=1,866,0,0
1747733798973,826,HTTP Request,200,OK,Thread Group 1 1-7,text,true,,231,161,14,14,http://localhost:8080/?token=495383897&user=-2104963756&config=1,826,0,0
1747733799037,828,HTTP Request,200,OK,Thread Group 1 1-3,text,true,,231,161,14,14,http://localhost:8080/?token=495383897&user=-2104963756&config=1,828,0,0
1747733799256,834,HTTP Request,200,OK,Thread Group 1 1-12,text,true,,231,161,14,14,http://localhost:8080/?token=495383897&user=-2104963756&config=1,834,0,0
1747733799330,870,HTTP Request,200,OK,Thread Group 1 1-8,text,false,"The operation lasted too long: It took 870 milliseconds, but should not have lasted longer than 850 milliseconds.",231,161,14,14,http://localhost:8080/?token=495383897&user=-2104963756&config=1,870,0,0
1747733799395,852,HTTP Request,200,OK,Thread Group 1 1-4,text,false,"The operation lasted too long: It took 852 milliseconds, but should not have lasted longer than 850 milliseconds.",231,161,14,14,http://localhost:8080/?token=495383897&user=-2104963756&config=1,852,0,0
1747733799613,849,HTTP Request,200,OK,Thread Group 1 1-13,text,true,,231,161,14,14,http://localhost:8080/?token=495383897&user=-2104963756&config=1,849,0,0
1747733799687,835,HTTP Request,200,OK,Thread Group 1 1-9,text,true,,231,161,14,14,http://localhost:8080/?token=495383897&user=-2104963756&config=1,835,0,0
1747733799755,860,HTTP Request,200,OK,Thread Group 1 1-5,text,false,"The operation lasted too long: It took 860 milliseconds, but should not have lasted longer than 850 milliseconds.",231,161,14,14,http://localhost:8080/?token=495383897&user=-2104963756&config=1,860,0,0
1747733799824,854,HTTP Request,200,OK,Thread Group 1 1-1,text,false,"The operation lasted too long: It took 854 milliseconds, but should not have lasted longer than 850 milliseconds.",231,161,14,14,http://localhost:8080/?token=495383897&user=-2104963756&config=1,854,0,0
1747733799968,831,HTTP Request,200,OK,Thread Group 1 1-14,text,true,,231,161,14,14,http://localhost:8080/?token=495383897&user=-2104963756&config=1,831,0,0
1747733800043,848,HTTP Request,200,OK,Thread Group 1 1-10,text,true,,231,161,14,14,http://localhost:8080/?token=495383897&user=-2104963756&config=1,848,0,0
1747733800115,852,HTTP Request,200,OK,Thread Group 1 1-6,text,false,"The operation lasted too long: It took 852 milliseconds, but should not have lasted longer than 850 milliseconds.",231,161,14,14,http://localhost:8080/?token=495383897&user=-2104963756&config=1,852,0,0
1747733800181,819,HTTP Request,200,OK,Thread Group 1 1-2,text,true,,231,161,14,14,http://localhost:8080/?token=495383897&user=-2104963756&config=1,819,0,0
1747733800401,829,HTTP Request,200,OK,Thread Group 1 1-11,text,true,,231,161,14,14,http://localhost:8080/?token=495383897&user=-2104963756&config=1,829,0,0
1747733800473,833,HTTP Request,200,OK,Thread Group 1 1-7,text,true,,231,161,14,14,http://localhost:8080/?token=495383897&user=-2104963756&config=1,833,0,0
1747733800537,836,HTTP Request,200,OK,Thread Group 1 1-3,text,true,,231,161,14,14,http://localhost:8080/?token=495383897&user=-2104963756&config=1,836,0,0
1747733800756,859,HTTP Request,200,OK,Thread Group 1 1-12,text,false,"The operation lasted too long: It took 859 milliseconds, but should not have lasted longer than 850 milliseconds.",231,161,14,14,http://localhost:8080/?token=495383897&user=-2104963756&config=1,859,0,0
1747733800830,849,HTTP Request,200,OK,Thread Group 1 1-8,text,true,,231,161,14,14,http://localhost:8080/?token=495383897&user=-2104963756&config=1,849,0,0
1747733800897,849,HTTP Request,200,OK,Thread Group 1 1-4,text,true,,231,161,14,14,http://localhost:8080/?token=495383897&user=-2104963756&config=1,849,0,0
1747733801112,864,HTTP Request,200,OK,Thread Group 1 1-13,text,false,"The operation lasted too long: It took 864 milliseconds, but should not have lasted longer than 850 milliseconds.",231,161,14,14,http://localhost:8080/?token=495383897&user=-2104963756&config=1,864,0,0
1747733801187,844,HTTP Request,200,OK,Thread Group 1 1-9,text,true,,231,161,14,14,http://localhost:8080/?token=495383897&user=-2104963756&config=1,844,0,0
1747733801255,844,HTTP Request,200,OK,Thread Group 1 1-5,text,true,,231,161,14,14,http://localhost:8080/?token=495383897&user=-2104963756&config=1,844,0,0
1747733801324,867,HTTP Request,200,OK,Thread Group 1 1-1,text,false,"The operation lasted too long: It took 867 milliseconds, but should not have lasted longer than 850 milliseconds.",231,161,14,14,http://localhost:8080/?token=495383897&user=-2104963756&config=1,867,0,0
1747733801469,829,HTTP Request,200,OK,Thread Group 1 1-14,text,true,,231,161,14,14,http://localhost:8080/?token=495383897&user=-2104963756&config=1,829,0,0
1747733801543,843,HTTP Request,200,OK,Thread Group 1 1-10,text,true,,231,161,14,14,http://localhost:8080/?token=495383897&user=-2104963756&config=1,843,0,0
1747733801614,849,HTTP Request,200,OK,Thread Group 1 1-6,text,true,,231,161,14,14,http://localhost:8080/?token=495383897&user=-2104963756&config=1,849,0,0
1747733801682,812,HTTP Request,200,OK,Thread Group 1 1-2,text,true,,231,161,14,14,http://localhost:8080/?token=495383897&user=-2104963756&config=1,812,0,0
1747733801902,869,HTTP Request,200,OK,Thread Group 1 1-11,text,false,"The operation lasted too long: It took 869 milliseconds, but should not have lasted longer than 850 milliseconds.",231,161,14,14,http://localhost:8080/?token=495383897&user=-2104963756&config=1,869,0,0
1747733801973,835,HTTP Request,200,OK,Thread Group 1 1-7,text,true,,231,161,14,14,http://localhost:8080/?token=495383897&user=-2104963756&config=1,835,0,0
1747733802038,833,HTTP Request,200,OK,Thread Group 1 1-3,text,true,,231,161,14,14,http://localhost:8080/?token=495383897&user=-2104963756&config=1,833,0,0
1747733802256,827,HTTP Request,200,OK,Thread Group 1 1-12,text,true,,231,161,14,14,http://localhost:8080/?token=495383897&user=-2104963756&config=1,827,0,0
1747733802330,846,HTTP Request,200,OK,Thread Group 1 1-8,text,true,,231,161,14,14,http://localhost:8080/?token=495383897&user=-2104963756&config=1,846,0,0
1747733802396,832,HTTP Request,200,OK,Thread Group 1 1-4,text,true,,231,161,14,14,http://localhost:8080/?token=495383897&user=-2104963756&config=1,832,0,0
1747733802613,825,HTTP Request,200,OK,Thread Group 1 1-13,text,true,,231,161,14,14,http://localhost:8080/?token=495383897&user=-2104963756&config=1,825,0,0
1747733802687,846,HTTP Request,200,OK,Thread Group 1 1-9,text,true,,231,161,14,14,http://localhost:8080/?token=495383897&user=-2104963756&config=1,846,0,0
1747733802755,826,HTTP Request,200,OK,Thread Group 1 1-5,text,true,,231,161,14,14,http://localhost:8080/?token=495383897&user=-2104963756&config=1,826,0,0
1747733802825,846,HTTP Request,200,OK,Thread Group 1 1-1,text,true,,231,161,14,14,http://localhost:8080/?token=495383897&user=-2104963756&config=1,846,0,0
1747733802967,828,HTTP Request,200,OK,Thread Group 1 1-14,text,true,,231,161,14,14,http://localhost:8080/?token=495383897&user=-2104963756&config=1,828,0,0
1747733803043,844,HTTP Request,200,OK,Thread Group 1 1-10,text,true,,231,161,14,14,http://localhost:8080/?token=495383897&user=-2104963756&config=1,844,0,0
1747733803114,853,HTTP Request,200,OK,Thread Group 1 1-6,text,false,"The operation lasted too long: It took 853 milliseconds, but should not have lasted longer than 850 milliseconds.",231,161,14,14,http://localhost:8080/?token=495383897&user=-2104963756&config=1,853,0,0
1747733803181,814,HTTP Request,200,OK,Thread Group 1 1-2,text,true,,231,161,14,14,http://localhost:8080/?token=495383897&user=-2104963756&config=1,814,0,0
1747733803401,842,HTTP Request,200,OK,Thread Group 1 1-11,text,true,,231,161,14,14,http://localhost:8080/?token=495383897&user=-2104963756&config=1,842,0,0
1747733803473,830,HTTP Request,200,OK,Thread Group 1 1-7,text,true,,231,161,14,14,http://localhost:8080/?token=495383897&user=-2104963756&config=1,830,0,0
1747733803538,832,HTTP Request,200,OK,Thread Group 1 1-3,text,true,,231,161,14,14,http://localhost:8080/?token=495383897&user=-2104963756&config=1,832,0,0
1747733803756,859,HTTP Request,200,OK,Thread Group 1 1-12,text,false,"The operation lasted too long: It took 859 milliseconds, but should not have lasted longer than 850 milliseconds.",231,161,14,14,http://localhost:8080/?token=495383897&user=-2104963756&config=1,859,0,0
1747733803830,844,HTTP Request,200,OK,Thread Group 1 1-8,text,true,,231,161,14,14,http://localhost:8080/?token=495383897&user=-2104963756&config=1,844,0,0
1747733803895,831,HTTP Request,200,OK,Thread Group 1 1-4,text,true,,231,161,14,14,http://localhost:8080/?token=495383897&user=-2104963756&config=1,831,0,0
1747733804112,822,HTTP Request,200,OK,Thread Group 1 1-13,text,true,,231,161,14,14,http://localhost:8080/?token=495383897&user=-2104963756&config=1,822,0,0
1747733804187,823,HTTP Request,200,OK,Thread Group 1 1-9,text,true,,231,161,14,14,http://localhost:8080/?token=495383897&user=-2104963756&config=1,823,0,0
1747733804255,819,HTTP Request,200,OK,Thread Group 1 1-5,text,true,,231,161,14,14,http://localhost:8080/?token=495383897&user=-2104963756&config=1,819,0,0
1747733804324,843,HTTP Request,200,OK,Thread Group 1 1-1,text,true,,231,161,14,14,http://localhost:8080/?token=495383897&user=-2104963756&config=1,843,0,0
1747733804469,821,HTTP Request,200,OK,Thread Group 1 1-14,text,true,,231,161,14,14,http://localhost:8080/?token=495383897&user=-2104963756&config=1,821,0,0
1747733804543,840,HTTP Request,200,OK,Thread Group 1 1-10,text,true,,231,161,14,14,http://localhost:8080/?token=495383897&user=-2104963756&config=1,840,0,0
1747733804614,829,HTTP Request,200,OK,Thread Group 1 1-6,text,true,,231,161,14,14,http://localhost:8080/?token=495383897&user=-2104963756&config=1,829,0,0
1747733804681,825,HTTP Request,200,OK,Thread Group 1 1-2,text,true,,231,161,14,14,http://localhost:8080/?token=495383897&user=-2104963756&config=1,825,0,0
1747733804901,821,HTTP Request,200,OK,Thread Group 1 1-11,text,true,,231,161,14,14,http://localhost:8080/?token=495383897&user=-2104963756&config=1,821,0,0
1747733804973,809,HTTP Request,200,OK,Thread Group 1 1-7,text,true,,231,161,14,14,http://localhost:8080/?token=495383897&user=-2104963756&config=1,809,0,0
1747733805037,853,HTTP Request,200,OK,Thread Group 1 1-3,text,false,"The operation lasted too long: It took 853 milliseconds, but should not have lasted longer than 850 milliseconds.",231,161,14,14,http://localhost:8080/?token=495383897&user=-2104963756&config=1,853,0,0
1747733805256,856,HTTP Request,200,OK,Thread Group 1 1-12,text,false,"The operation lasted too long: It took 856 milliseconds, but should not have lasted longer than 850 milliseconds.",231,161,14,14,http://localhost:8080/?token=495383897&user=-2104963756&config=1,856,0,0
1747733805330,825,HTTP Request,200,OK,Thread Group 1 1-8,text,true,,231,161,14,14,http://localhost:8080/?token=495383897&user=-2104963756&config=1,825,0,0
1747733805396,818,HTTP Request,200,OK,Thread Group 1 1-4,text,true,,231,161,14,14,http://localhost:8080/?token=495383897&user=-2104963756&config=1,818,0,0
1747733805613,822,HTTP Request,200,OK,Thread Group 1 1-13,text,true,,231,161,14,14,http://localhost:8080/?token=495383897&user=-2104963756&config=1,822,0,0
1747733805688,838,HTTP Request,200,OK,Thread Group 1 1-9,text,true,,231,161,14,14,http://localhost:8080/?token=495383897&user=-2104963756&config=1,838,0,0
1747733805756,822,HTTP Request,200,OK,Thread Group 1 1-5,text,true,,231,161,14,14,http://localhost:8080/?token=495383897&user=-2104963756&config=1,822,0,0
1747733805824,810,HTTP Request,200,OK,Thread Group 1 1-1,text,true,,231,161,14,14,http://localhost:8080/?token=495383897&user=-2104963756&config=1,810,0,0
1747733805968,828,HTTP Request,200,OK,Thread Group 1 1-14,text,true,,231,161,14,14,http://localhost:8080/?token=495383897&user=-2104963756&config=1,828,0,0
1747733806044,827,HTTP Request,200,OK,Thread Group 1 1-10,text,true,,231,161,14,14,http://localhost:8080/?token=495383897&user=-2104963756&config=1,827,0,0
1747733806114,849,HTTP Request,200,OK,Thread Group 1 1-6,text,true,,231,161,14,14,http://localhost:8080/?token=495383897&user=-2104963756&config=1,849,0,0
1747733806181,846,HTTP Request,200,OK,Thread Group 1 1-2,text,true,,231,161,14,14,http://localhost:8080/?token=495383897&user=-2104963756&config=1,846,0,0
1747733806401,842,HTTP Request,200,OK,Thread Group 1 1-11,text,true,,231,161,14,14,http://localhost:8080/?token=495383897&user=-2104963756&config=1,842,0,0
1747733806473,861,HTTP Request,200,OK,Thread Group 1 1-7,text,false,"The operation lasted too long: It took 861 milliseconds, but should not have lasted longer than 850 milliseconds.",231,161,14,14,http://localhost:8080/?token=495383897&user=-2104963756&config=1,861,0,0
1747733806538,824,HTTP Request,200,OK,Thread Group 1 1-3,text,true,,231,161,14,14,http://localhost:8080/?token=495383897&user=-2104963756&config=1,824,0,0
1747733806757,853,HTTP Request,200,OK,Thread Group 1 1-12,text,false,"The operation lasted too long: It took 853 milliseconds, but should not have lasted longer than 850 milliseconds.",231,161,14,14,http://localhost:8080/?token=495383897&user=-2104963756&config=1,853,0,0
1747733806832,827,HTTP Request,200,OK,Thread Group 1 1-8,text,true,,231,161,14,14,http://localhost:8080/?token=495383897&user=-2104963756&config=1,827,0,0
1747733806895,857,HTTP Request,200,OK,Thread Group 1 1-4,text,false,"The operation lasted too long: It took 857 milliseconds, but should not have lasted longer than 850 milliseconds.",231,161,14,14,http://localhost:8080/?token=495383897&user=-2104963756&config=1,857,0,0
1747733807112,827,HTTP Request,200,OK,Thread Group 1 1-13,text,true,,231,161,14,14,http://localhost:8080/?token=495383897&user=-2104963756&config=1,827,0,0
1747733807188,804,HTTP Request,200,OK,Thread Group 1 1-9,text,true,,231,161,14,14,http://localhost:8080/?token=495383897&user=-2104963756&config=1,804,0,0
1747733807255,823,HTTP Request,200,OK,Thread Group 1 1-5,text,true,,231,161,14,14,http://localhost:8080/?token=495383897&user=-2104963756&config=1,823,0,0
1747733807324,843,HTTP Request,200,OK,Thread Group 1 1-1,text,true,,231,161,14,14,http://localhost:8080/?token=495383897&user=-2104963756&config=1,843,0,0
1747733807469,853,HTTP Request,200,OK,Thread Group 1 1-14,text,false,"The operation lasted too long: It took 853 milliseconds, but should not have lasted longer than 850 milliseconds.",231,161,14,14,http://localhost:8080/?token=495383897&user=-2104963756&config=1,853,0,0
1747733807543,841,HTTP Request,200,OK,Thread Group 1 1-10,text,true,,231,161,14,14,http://localhost:8080/?token=495383897&user=-2104963756&config=1,841,0,0
1747733807614,836,HTTP Request,200,OK,Thread Group 1 1-6,text,true,,231,161,14,14,http://localhost:8080/?token=495383897&user=-2104963756&config=1,836,0,0
1747733807681,870,HTTP Request,200,OK,Thread Group 1 1-2,text,false,"The operation lasted too long: It took 870 milliseconds, but should not have lasted longer than 850 milliseconds.",231,161,14,14,http://localhost:8080/?token=495383897&user=-2104963756&config=1,870,0,0
1747733807901,838,HTTP Request,200,OK,Thread Group 1 1-11,text,true,,231,161,14,14,http://localhost:8080/?token=495383897&user=-2104963756&config=1,838,0,0
1747733807973,830,HTTP Request,200,OK,Thread Group 1 1-7,text,true,,231,161,14,14,http://localhost:8080/?token=495383897&user=-2104963756&config=1,830,0,0
1747733808037,861,HTTP Request,200,OK,Thread Group 1 1-3,text,false,"The operation lasted too long: It took 861 milliseconds, but should not have lasted longer than 850 milliseconds.",231,161,14,14,http://localhost:8080/?token=495383897&user=-2104963756&config=1,861,0,0
1747733808256,831,HTTP Request,200,OK,Thread Group 1 1-12,text,true,,231,161,14,14,http://localhost:8080/?token=495383897&user=-2104963756&config=1,831,0,0
1747733808330,832,HTTP Request,200,OK,Thread Group 1 1-8,text,true,,231,161,14,14,http://localhost:8080/?token=495383897&user=-2104963756&config=1,832,0,0
1747733808396,831,HTTP Request,200,OK,Thread Group 1 1-4,text,true,,231,161,14,14,http://localhost:8080/?token=495383897&user=-2104963756&config=1,831,0,0
1747733808612,831,HTTP Request,200,OK,Thread Group 1 1-13,text,true,,231,161,14,14,http://localhost:8080/?token=495383897&user=-2104963756&config=1,831,0,0
1747733808687,816,HTTP Request,200,OK,Thread Group 1 1-9,text,true,,231,161,14,14,http://localhost:8080/?token=495383897&user=-2104963756&config=1,816,0,0
1747733808755,845,HTTP Request,200,OK,Thread Group 1 1-5,text,true,,231,161,14,14,http://localhost:8080/?token=495383897&user=-2104963756&config=1,845,0,0
1747733808824,838,HTTP Request,200,OK,Thread Group 1 1-1,text,true,,231,161,14,14,http://localhost:8080/?token=495383897&user=-2104963756&config=1,838,0,0
1747733808968,860,HTTP Request,200,OK,Thread Group 1 1-14,text,false,"The operation lasted too long: It took 860 milliseconds, but should not have lasted longer than 850 milliseconds.",231,161,14,14,http://localhost:8080/?token=495383897&user=-2104963756&config=1,860,0,0
1747733809044,843,HTTP Request,200,OK,Thread Group 1 1-10,text,true,,231,161,14,14,http://localhost:8080/?token=495383897&user=-2104963756&config=1,843,0,0
1747733809114,821,HTTP Request,200,OK,Thread Group 1 1-6,text,true,,231,161,14,14,http://localhost:8080/?token=495383897&user=-2104963756&config=1,821,0,0
1747733809181,846,HTTP Request,200,OK,Thread Group 1 1-2,text,true,,231,161,14,14,http://localhost:8080/?token=495383897&user=-2104963756&config=1,846,0,0
1747733809401,846,HTTP Request,200,OK,Thread Group 1 1-11,text,true,,231,161,14,14,http://localhost:8080/?token=495383897&user=-2104963756&config=1,846,0,0
1747733809473,834,HTTP Request,200,OK,Thread Group 1 1-7,text,true,,231,161,14,14,http://localhost:8080/?token=495383897&user=-2104963756&config=1,834,0,0
1747733809537,833,HTTP Request,200,OK,Thread Group 1 1-3,text,true,,231,161,14,14,http://localhost:8080/?token=495383897&user=-2104963756&config=1,833,0,0
1747733809757,817,HTTP Request,200,OK,Thread Group 1 1-12,text,true,,231,161,14,14,http://localhost:8080/?token=495383897&user=-2104963756&config=1,817,0,0
1747733809830,836,HTTP Request,200,OK,Thread Group 1 1-8,text,true,,231,161,14,14,http://localhost:8080/?token=495383897&user=-2104963756&config=1,836,0,0
1747733809895,837,HTTP Request,200,OK,Thread Group 1 1-4,text,true,,231,161,14,14,http://localhost:8080/?token=495383897&user=-2104963756&config=1,836,0,0
1747733810112,831,HTTP Request,200,OK,Thread Group 1 1-13,text,true,,231,161,14,14,http://localhost:8080/?token=495383897&user=-2104963756&config=1,831,0,0
1747733810187,820,HTTP Request,200,OK,Thread Group 1 1-9,text,true,,231,161,14,14,http://localhost:8080/?token=495383897&user=-2104963756&config=1,820,0,0
1747733810255,813,HTTP Request,200,OK,Thread Group 1 1-5,text,true,,231,161,14,14,http://localhost:8080/?token=495383897&user=-2104963756&config=1,813,0,0
1747733810324,866,HTTP Request,200,OK,Thread Group 1 1-1,text,false,"The operation lasted too long: It took 866 milliseconds, but should not have lasted longer than 850 milliseconds.",231,161,14,14,http://localhost:8080/?token=495383897&user=-2104963756&config=1,866,0,0
1747733810468,815,HTTP Request,200,OK,Thread Group 1 1-14,text,true,,231,161,14,14,http://localhost:8080/?token=495383897&user=-2104963756&config=1,815,0,0
1747733810543,851,HTTP Request,200,OK,Thread Group 1 1-10,text,false,"The operation lasted too long: It took 851 milliseconds, but should not have lasted longer than 850 milliseconds.",231,161,14,14,http://localhost:8080/?token=495383897&user=-2104963756&config=1,851,0,0
1747733810681,806,HTTP Request,200,OK,Thread Group 1 1-2,text,true,,231,161,14,14,http://localhost:8080/?token=495383897&user=-2104963756&config=1,806,0,0
1747733810614,873,HTTP Request,200,OK,Thread Group 1 1-6,text,false,"The operation lasted too long: It took 873 milliseconds, but should not have lasted longer than 850 milliseconds.",231,161,14,14,http://localhost:8080/?token=495383897&user=-2104963756&config=1,873,0,0
1747733810901,838,HTTP Request,200,OK,Thread Group 1 1-11,text,true,,231,161,14,14,http://localhost:8080/?token=495383897&user=-2104963756&config=1,838,0,0
1747733810972,839,HTTP Request,200,OK,Thread Group 1 1-7,text,true,,231,161,14,14,http://localhost:8080/?token=495383897&user=-2104963756&config=1,839,0,0
1747733811037,837,HTTP Request,200,OK,Thread Group 1 1-3,text,true,,231,161,14,14,http://localhost:8080/?token=495383897&user=-2104963756&config=1,837,0,0
1747733811256,830,HTTP Request,200,OK,Thread Group 1 1-12,text,true,,231,161,14,14,http://localhost:8080/?token=495383897&user=-2104963756&config=1,830,0,0
1747733811330,823,HTTP Request,200,OK,Thread Group 1 1-8,text,true,,231,161,14,14,http://localhost:8080/?token=495383897&user=-2104963756&config=1,823,0,0
1747733811395,831,HTTP Request,200,OK,Thread Group 1 1-4,text,true,,231,161,14,14,http://localhost:8080/?token=495383897&user=-2104963756&config=1,831,0,0
1747733811612,830,HTTP Request,200,OK,Thread Group 1 1-13,text,true,,231,161,14,14,http://localhost:8080/?token=495383897&user=-2104963756&config=1,830,0,0
1747733811688,847,HTTP Request,200,OK,Thread Group 1 1-9,text,true,,231,161,14,14,http://localhost:8080/?token=495383897&user=-2104963756&config=1,847,0,0
1747733811755,840,HTTP Request,200,OK,Thread Group 1 1-5,text,true,,231,161,14,14,http://localhost:8080/?token=495383897&user=-2104963756&config=1,840,0,0
1747733811824,834,HTTP Request,200,OK,Thread Group 1 1-1,text,true,,231,161,14,14,http://localhost:8080/?token=495383897&user=-2104963756&config=1,834,0,0
1747733811969,828,HTTP Request,200,OK,Thread Group 1 1-14,text,true,,231,161,14,14,http://localhost:8080/?token=495383897&user=-2104963756&config=1,828,0,0
1747733812043,846,HTTP Request,200,OK,Thread Group 1 1-10,text,true,,231,161,14,14,http://localhost:8080/?token=495383897&user=-2104963756&config=1,846,0,0
1747733812114,820,HTTP Request,200,OK,Thread Group 1 1-6,text,true,,231,161,14,14,http://localhost:8080/?token=495383897&user=-2104963756&config=1,820,0,0
1747733812181,813,HTTP Request,200,OK,Thread Group 1 1-2,text,true,,231,161,14,14,http://localhost:8080/?token=495383897&user=-2104963756&config=1,813,0,0
1747733812401,841,HTTP Request,200,OK,Thread Group 1 1-11,text,true,,231,161,14,14,http://localhost:8080/?token=495383897&user=-2104963756&config=1,841,0,0
1747733812473,845,HTTP Request,200,OK,Thread Group 1 1-7,text,true,,231,161,14,14,http://localhost:8080/?token=495383897&user=-2104963756&config=1,845,0,0
1747733812537,830,HTTP Request,200,OK,Thread Group 1 1-3,text,true,,231,161,14,14,http://localhost:8080/?token=495383897&user=-2104963756&config=1,830,0,0
1747733812756,819,HTTP Request,200,OK,Thread Group 1 1-12,text,true,,231,161,14,14,http://localhost:8080/?token=495383897&user=-2104963756&config=1,819,0,0
1747733812830,833,HTTP Request,200,OK,Thread Group 1 1-8,text,true,,231,161,14,14,http://localhost:8080/?token=495383897&user=-2104963756&config=1,832,0,0
1747733812895,835,HTTP Request,200,OK,Thread Group 1 1-4,text,true,,231,161,14,14,http://localhost:8080/?token=495383897&user=-2104963756&config=1,835,0,0
1747733813113,845,HTTP Request,200,OK,Thread Group 1 1-13,text,true,,231,161,14,14,http://localhost:8080/?token=495383897&user=-2104963756&config=1,845,0,0
1747733813187,832,HTTP Request,200,OK,Thread Group 1 1-9,text,true,,231,161,14,14,http://localhost:8080/?token=495383897&user=-2104963756&config=1,832,0,0
1747733813255,855,HTTP Request,200,OK,Thread Group 1 1-5,text,false,"The operation lasted too long: It took 855 milliseconds, but should not have lasted longer than 850 milliseconds.",231,161,14,14,http://localhost:8080/?token=495383897&user=-2104963756&config=1,855,0,0
1747733813324,818,HTTP Request,200,OK,Thread Group 1 1-1,text,true,,231,161,14,14,http://localhost:8080/?token=495383897&user=-2104963756&config=1,818,0,0
1747733813467,835,HTTP Request,200,OK,Thread Group 1 1-14,text,true,,231,161,14,14,http://localhost:8080/?token=495383897&user=-2104963756&config=1,835,0,0
1747733813543,831,HTTP Request,200,OK,Thread Group 1 1-10,text,true,,231,161,14,14,http://localhost:8080/?token=495383897&user=-2104963756&config=1,831,0,0
1747733813614,853,HTTP Request,200,OK,Thread Group 1 1-6,text,false,"The operation lasted too long: It took 853 milliseconds, but should not have lasted longer than 850 milliseconds.",231,161,14,14,http://localhost:8080/?token=495383897&user=-2104963756&config=1,853,0,0
1747733813681,847,HTTP Request,200,OK,Thread Group 1 1-2,text,true,,231,161,14,14,http://localhost:8080/?token=495383897&user=-2104963756&config=1,846,0,0
1747733813902,844,HTTP Request,200,OK,Thread Group 1 1-11,text,true,,231,161,14,14,http://localhost:8080/?token=495383897&user=-2104963756&config=1,844,0,0
1747733813974,848,HTTP Request,200,OK,Thread Group 1 1-7,text,true,,231,161,14,14,http://localhost:8080/?token=495383897&user=-2104963756&config=1,848,0,0
1747733814037,849,HTTP Request,200,OK,Thread Group 1 1-3,text,true,,231,161,14,14,http://localhost:8080/?token=495383897&user=-2104963756&config=1,849,0,0
1747733814256,851,HTTP Request,200,OK,Thread Group 1 1-12,text,false,"The operation lasted too long: It took 851 milliseconds, but should not have lasted longer than 850 milliseconds.",231,161,14,14,http://localhost:8080/?token=495383897&user=-2104963756&config=1,851,0,0
1747733814331,835,HTTP Request,200,OK,Thread Group 1 1-8,text,true,,231,161,14,14,http://localhost:8080/?token=495383897&user=-2104963756&config=1,835,0,0
1747733814395,835,HTTP Request,200,OK,Thread Group 1 1-4,text,true,,231,161,14,14,http://localhost:8080/?token=495383897&user=-2104963756&config=1,835,0,0
1747733814612,847,HTTP Request,200,OK,Thread Group 1 1-13,text,true,,231,161,14,14,http://localhost:8080/?token=495383897&user=-2104963756&config=1,847,0,0
1747733814687,803,HTTP Request,200,OK,Thread Group 1 1-9,text,true,,231,161,14,14,http://localhost:8080/?token=495383897&user=-2104963756&config=1,803,0,0
1747733814755,834,HTTP Request,200,OK,Thread Group 1 1-5,text,true,,231,161,14,14,http://localhost:8080/?token=495383897&user=-2104963756&config=1,834,0,0
1747733814825,821,HTTP Request,200,OK,Thread Group 1 1-1,text,true,,231,161,14,14,http://localhost:8080/?token=495383897&user=-2104963756&config=1,821,0,0
1747733814968,834,HTTP Request,200,OK,Thread Group 1 1-14,text,true,,231,161,14,14,http://localhost:8080/?token=495383897&user=-2104963756&config=1,834,0,0
1747733815043,841,HTTP Request,200,OK,Thread Group 1 1-10,text,true,,231,161,14,14,http://localhost:8080/?token=495383897&user=-2104963756&config=1,841,0,0
1747733815114,813,HTTP Request,200,OK,Thread Group 1 1-6,text,true,,231,161,14,14,http://localhost:8080/?token=495383897&user=-2104963756&config=1,813,0,0
1747733815182,808,HTTP Request,200,OK,Thread Group 1 1-2,text,true,,231,161,14,14,http://localhost:8080/?token=495383897&user=-2104963756&config=1,808,0,0
1747733815401,833,HTTP Request,200,OK,Thread Group 1 1-11,text,true,,231,161,14,14,http://localhost:8080/?token=495383897&user=-2104963756&config=1,833,0,0
1747733815473,825,HTTP Request,200,OK,Thread Group 1 1-7,text,true,,231,161,14,14,http://localhost:8080/?token=495383897&user=-2104963756&config=1,825,0,0
1747733815538,821,HTTP Request,200,OK,Thread Group 1 1-3,text,true,,231,161,14,14,http://localhost:8080/?token=495383897&user=-2104963756&config=1,821,0,0
1747733815756,850,HTTP Request,200,OK,Thread Group 1 1-12,text,true,,231,161,14,14,http://localhost:8080/?token=495383897&user=-2104963756&config=1,850,0,0
1747733815830,824,HTTP Request,200,OK,Thread Group 1 1-8,text,true,,231,161,14,14,http://localhost:8080/?token=495383897&user=-2104963756&config=1,824,0,0
1747733815896,847,HTTP Request,200,OK,Thread Group 1 1-4,text,true,,231,161,14,14,http://localhost:8080/?token=495383897&user=-2104963756&config=1,847,0,0
1747733816112,846,HTTP Request,200,OK,Thread Group 1 1-13,text,true,,231,161,14,14,http://localhost:8080/?token=495383897&user=-2104963756&config=1,846,0,0
1747733816188,834,HTTP Request,200,OK,Thread Group 1 1-9,text,true,,231,161,14,14,http://localhost:8080/?token=495383897&user=-2104963756&config=1,834,0,0
1747733816257,858,HTTP Request,200,OK,Thread Group 1 1-5,text,false,"The operation lasted too long: It took 858 milliseconds, but should not have lasted longer than 850 milliseconds.",231,161,14,14,http://localhost:8080/?token=495383897&user=-2104963756&config=1,858,0,0
1747733816325,826,HTTP Request,200,OK,Thread Group 1 1-1,text,true,,231,161,14,14,http://localhost:8080/?token=495383897&user=-2104963756&config=1,826,0,0
1747733816469,866,HTTP Request,200,OK,Thread Group 1 1-14,text,false,"The operation lasted too long: It took 866 milliseconds, but should not have lasted longer than 850 milliseconds.",231,161,14,14,http://localhost:8080/?token=495383897&user=-2104963756&config=1,866,0,0
1747733816545,850,HTTP Request,200,OK,Thread Group 1 1-10,text,true,,231,161,14,14,http://localhost:8080/?token=495383897&user=-2104963756&config=1,850,0,0
1747733816616,811,HTTP Request,200,OK,Thread Group 1 1-6,text,true,,231,161,14,14,http://localhost:8080/?token=495383897&user=-2104963756&config=1,811,0,0
1747733816682,837,HTTP Request,200,OK,Thread Group 1 1-2,text,true,,231,161,14,14,http://localhost:8080/?token=495383897&user=-2104963756&config=1,837,0,0
1747733816902,829,HTTP Request,200,OK,Thread Group 1 1-11,text,true,,231,161,14,14,http://localhost:8080/?token=495383897&user=-2104963756&config=1,829,0,0
1747733816974,818,HTTP Request,200,OK,Thread Group 1 1-7,text,true,,231,161,14,14,http://localhost:8080/?token=495383897&user=-2104963756&config=1,818,0,0
1747733817038,834,HTTP Request,200,OK,Thread Group 1 1-3,text,true,,231,161,14,14,http://localhost:8080/?token=495383897&user=-2104963756&config=1,834,0,0
1747733817257,846,HTTP Request,200,OK,Thread Group 1 1-12,text,true,,231,161,14,14,http://localhost:8080/?token=495383897&user=-2104963756&config=1,846,0,0
1747733817331,832,HTTP Request,200,OK,Thread Group 1 1-8,text,true,,231,161,14,14,http://localhost:8080/?token=495383897&user=-2104963756&config=1,832,0,0
1747733817397,830,HTTP Request,200,OK,Thread Group 1 1-4,text,true,,231,161,14,14,http://localhost:8080/?token=495383897&user=-2104963756&config=1,830,0,0
1747733817613,834,HTTP Request,200,OK,Thread Group 1 1-13,text,true,,231,161,14,14,http://localhost:8080/?token=495383897&user=-2104963756&config=1,834,0,0
1747733817689,830,HTTP Request,200,OK,Thread Group 1 1-9,text,true,,231,161,14,14,http://localhost:8080/?token=495383897&user=-2104963756&config=1,830,0,0
1747733817756,827,HTTP Request,200,OK,Thread Group 1 1-5,text,true,,231,161,14,14,http://localhost:8080/?token=495383897&user=-2104963756&config=1,827,0,0
1747733817825,850,HTTP Request,200,OK,Thread Group 1 1-1,text,true,,231,161,14,14,http://localhost:8080/?token=495383897&user=-2104963756&config=1,850,0,0
1747733817969,860,HTTP Request,200,OK,Thread Group 1 1-14,text,false,"The operation lasted too long: It took 860 milliseconds, but should not have lasted longer than 850 milliseconds.",231,161,14,14,http://localhost:8080/?token=495383897&user=-2104963756&config=1,860,0,0
1747733818044,868,HTTP Request,200,OK,Thread Group 1 1-10,text,false,"The operation lasted too long: It took 868 milliseconds, but should not have lasted longer than 850 milliseconds.",231,161,14,14,http://localhost:8080/?token=495383897&user=-2104963756&config=1,868,0,0
1747733818115,821,HTTP Request,200,OK,Thread Group 1 1-6,text,true,,231,161,14,14,http://localhost:8080/?token=495383897&user=-2104963756&config=1,821,0,0
1747733818183,848,HTTP Request,200,OK,Thread Group 1 1-2,text,true,,231,161,14,14,http://localhost:8080/?token=495383897&user=-2104963756&config=1,848,0,0
1747733818402,846,HTTP Request,200,OK,Thread Group 1 1-11,text,true,,231,161,14,14,http://localhost:8080/?token=495383897&user=-2104963756&config=1,846,0,0
1747733818475,853,HTTP Request,200,OK,Thread Group 1 1-7,text,false,"The operation lasted too long: It took 853 milliseconds, but should not have lasted longer than 850 milliseconds.",231,161,14,14,http://localhost:8080/?token=495383897&user=-2104963756&config=1,853,0,0
1747733818538,852,HTTP Request,200,OK,Thread Group 1 1-3,text,false,"The operation lasted too long: It took 852 milliseconds, but should not have lasted longer than 850 milliseconds.",231,161,14,14,http://localhost:8080/?token=495383897&user=-2104963756&config=1,852,0,0
1747733818758,849,HTTP Request,200,OK,Thread Group 1 1-12,text,true,,231,161,14,14,http://localhost:8080/?token=495383897&user=-2104963756&config=1,849,0,0
1747733818831,835,HTTP Request,200,OK,Thread Group 1 1-8,text,true,,231,161,14,14,http://localhost:8080/?token=495383897&user=-2104963756&config=1,835,0,0
1747733818897,830,HTTP Request,200,OK,Thread Group 1 1-4,text,true,,231,161,14,14,http://localhost:8080/?token=495383897&user=-2104963756&config=1,830,0,0
1747733819113,834,HTTP Request,200,OK,Thread Group 1 1-13,text,true,,231,161,14,14,http://localhost:8080/?token=495383897&user=-2104963756&config=1,834,0,0
1747733819188,847,HTTP Request,200,OK,Thread Group 1 1-9,text,true,,231,161,14,14,http://localhost:8080/?token=495383897&user=-2104963756&config=1,847,0,0
1747733819257,810,HTTP Request,200,OK,Thread Group 1 1-5,text,true,,231,161,14,14,http://localhost:8080/?token=495383897&user=-2104963756&config=1,810,0,0
1747733819325,835,HTTP Request,200,OK,Thread Group 1 1-1,text,true,,231,161,14,14,http://localhost:8080/?token=495383897&user=-2104963756&config=1,835,0,0
1747733819470,857,HTTP Request,200,OK,Thread Group 1 1-14,text,false,"The operation lasted too long: It took 857 milliseconds, but should not have lasted longer than 850 milliseconds.",231,161,14,14,http://localhost:8080/?token=495383897&user=-2104963756&config=1,857,0,0
1747733819544,847,HTTP Request,200,OK,Thread Group 1 1-10,text,true,,231,161,14,14,http://localhost:8080/?token=495383897&user=-2104963756&config=1,847,0,0
1747733819615,820,HTTP Request,200,OK,Thread Group 1 1-6,text,true,,231,161,14,14,http://localhost:8080/?token=495383897&user=-2104963756&config=1,820,0,0
1747733819683,844,HTTP Request,200,OK,Thread Group 1 1-2,text,true,,231,161,14,14,http://localhost:8080/?token=495383897&user=-2104963756&config=1,844,0,0
1747733819901,859,HTTP Request,200,OK,Thread Group 1 1-11,text,false,"The operation lasted too long: It took 859 milliseconds, but should not have lasted longer than 850 milliseconds.",231,161,14,14,http://localhost:8080/?token=495383897&user=-2104963756&config=1,859,0,0
1747733819974,846,HTTP Request,200,OK,Thread Group 1 1-7,text,true,,231,161,14,14,http://localhost:8080/?token=495383897&user=-2104963756&config=1,846,0,0
1747733820039,829,HTTP Request,200,OK,Thread Group 1 1-3,text,true,,231,161,14,14,http://localhost:8080/?token=495383897&user=-2104963756&config=1,829,0,0
1747733820257,825,HTTP Request,200,OK,Thread Group 1 1-12,text,true,,231,161,14,14,http://localhost:8080/?token=495383897&user=-2104963756&config=1,825,0,0
1747733820331,845,HTTP Request,200,OK,Thread Group 1 1-8,text,true,,231,161,14,14,http://localhost:8080/?token=495383897&user=-2104963756&config=1,845,0,0
1747733820396,843,HTTP Request,200,OK,Thread Group 1 1-4,text,true,,231,161,14,14,http://localhost:8080/?token=495383897&user=-2104963756&config=1,843,0,0
1747733820613,806,HTTP Request,200,OK,Thread Group 1 1-13,text,true,,231,161,14,14,http://localhost:8080/?token=495383897&user=-2104963756&config=1,806,0,0
1747733820688,831,HTTP Request,200,OK,Thread Group 1 1-9,text,true,,231,161,14,14,http://localhost:8080/?token=495383897&user=-2104963756&config=1,831,0,0
1747733820756,823,HTTP Request,200,OK,Thread Group 1 1-5,text,true,,231,161,14,14,http://localhost:8080/?token=495383897&user=-2104963756&config=1,823,0,0
1747733820825,814,HTTP Request,200,OK,Thread Group 1 1-1,text,true,,231,161,14,14,http://localhost:8080/?token=495383897&user=-2104963756&config=1,814,0,0
1747733820969,826,HTTP Request,200,OK,Thread Group 1 1-14,text,true,,231,161,14,14,http://localhost:8080/?token=495383897&user=-2104963756&config=1,826,0,0
1747733821044,859,HTTP Request,200,OK,Thread Group 1 1-10,text,false,"The operation lasted too long: It took 859 milliseconds, but should not have lasted longer than 850 milliseconds.",231,161,14,14,http://localhost:8080/?token=495383897&user=-2104963756&config=1,859,0,0
1747733821116,831,HTTP Request,200,OK,Thread Group 1 1-6,text,true,,231,161,14,14,http://localhost:8080/?token=495383897&user=-2104963756&config=1,831,0,0
1747733821182,813,HTTP Request,200,OK,Thread Group 1 1-2,text,true,,231,161,14,14,http://localhost:8080/?token=495383897&user=-2104963756&config=1,813,0,0
1747733821401,837,HTTP Request,200,OK,Thread Group 1 1-11,text,true,,231,161,14,14,http://localhost:8080/?token=495383897&user=-2104963756&config=1,837,0,0
1747733821473,857,HTTP Request,200,OK,Thread Group 1 1-7,text,false,"The operation lasted too long: It took 857 milliseconds, but should not have lasted longer than 850 milliseconds.",231,161,14,14,http://localhost:8080/?token=495383897&user=-2104963756&config=1,857,0,0
1747733821537,853,HTTP Request,200,OK,Thread Group 1 1-3,text,false,"The operation lasted too long: It took 853 milliseconds, but should not have lasted longer than 850 milliseconds.",231,161,14,14,http://localhost:8080/?token=495383897&user=-2104963756&config=1,853,0,0
1747733821756,806,HTTP Request,200,OK,Thread Group 1 1-12,text,true,,231,161,14,14,http://localhost:8080/?token=495383897&user=-2104963756&config=1,806,0,0
1747733821830,828,HTTP Request,200,OK,Thread Group 1 1-8,text,true,,231,161,14,14,http://localhost:8080/?token=495383897&user=-2104963756&config=1,828,0,0
1747733821895,855,HTTP Request,200,OK,Thread Group 1 1-4,text,false,"The operation lasted too long: It took 855 milliseconds, but should not have lasted longer than 850 milliseconds.",231,161,14,14,http://localhost:8080/?token=495383897&user=-2104963756&config=1,855,0,0
1747733822112,842,HTTP Request,200,OK,Thread Group 1 1-13,text,true,,231,161,14,14,http://localhost:8080/?token=495383897&user=-2104963756&config=1,842,0,0
1747733822187,827,HTTP Request,200,OK,Thread Group 1 1-9,text,true,,231,161,14,14,http://localhost:8080/?token=495383897&user=-2104963756&config=1,827,0,0
1747733822256,850,HTTP Request,200,OK,Thread Group 1 1-5,text,true,,231,161,14,14,http://localhost:8080/?token=495383897&user=-2104963756&config=1,850,0,0
1747733822324,845,HTTP Request,200,OK,Thread Group 1 1-1,text,true,,231,161,14,14,http://localhost:8080/?token=495383897&user=-2104963756&config=1,845,0,0
1747733822468,826,HTTP Request,200,OK,Thread Group 1 1-14,text,true,,231,161,14,14,http://localhost:8080/?token=495383897&user=-2104963756&config=1,826,0,0
1747733822543,829,HTTP Request,200,OK,Thread Group 1 1-10,text,true,,231,161,14,14,http://localhost:8080/?token=495383897&user=-2104963756&config=1,829,0,0
1747733822614,854,HTTP Request,200,OK,Thread Group 1 1-6,text,false,"The operation lasted too long: It took 854 milliseconds, but should not have lasted longer than 850 milliseconds.",231,161,14,14,http://localhost:8080/?token=495383897&user=-2104963756&config=1,854,0,0
1747733822681,852,HTTP Request,200,OK,Thread Group 1 1-2,text,false,"The operation lasted too long: It took 852 milliseconds, but should not have lasted longer than 850 milliseconds.",231,161,14,14,http://localhost:8080/?token=495383897&user=-2104963756&config=1,852,0,0
1747733822901,832,HTTP Request,200,OK,Thread Group 1 1-11,text,true,,231,161,14,14,http://localhost:8080/?token=495383897&user=-2104963756&config=1,832,0,0
1747733822973,834,HTTP Request,200,OK,Thread Group 1 1-7,text,true,,231,161,14,14,http://localhost:8080/?token=495383897&user=-2104963756&config=1,834,0,0
1747733823037,829,HTTP Request,200,OK,Thread Group 1 1-3,text,true,,231,161,14,14,http://localhost:8080/?token=495383897&user=-2104963756&config=1,829,0,0
1747733823256,830,HTTP Request,200,OK,Thread Group 1 1-12,text,true,,231,161,14,14,http://localhost:8080/?token=495383897&user=-2104963756&config=1,830,0,0
1747733823330,816,HTTP Request,200,OK,Thread Group 1 1-8,text,true,,231,161,14,14,http://localhost:8080/?token=495383897&user=-2104963756&config=1,816,0,0
1747733823395,828,HTTP Request,200,OK,Thread Group 1 1-4,text,true,,231,161,14,14,http://localhost:8080/?token=495383897&user=-2104963756&config=1,827,0,0
1747733823613,825,HTTP Request,200,OK,Thread Group 1 1-13,text,true,,231,161,14,14,http://localhost:8080/?token=495383897&user=-2104963756&config=1,825,0,0
1747733823686,860,HTTP Request,200,OK,Thread Group 1 1-9,text,false,"The operation lasted too long: It took 860 milliseconds, but should not have lasted longer than 850 milliseconds.",231,161,14,14,http://localhost:8080/?token=495383897&user=-2104963756&config=1,860,0,0
1747733823755,823,HTTP Request,200,OK,Thread Group 1 1-5,text,true,,231,161,14,14,http://localhost:8080/?token=495383897&user=-2104963756&config=1,823,0,0
1747733823824,846,HTTP Request,200,OK,Thread Group 1 1-1,text,true,,231,161,14,14,http://localhost:8080/?token=495383897&user=-2104963756&config=1,846,0,0
1747733823969,813,HTTP Request,200,OK,Thread Group 1 1-14,text,true,,231,161,14,14,http://localhost:8080/?token=495383897&user=-2104963756&config=1,813,0,0
1747733824043,860,HTTP Request,200,OK,Thread Group 1 1-10,text,false,"The operation lasted too long: It took 860 milliseconds, but should not have lasted longer than 850 milliseconds.",231,161,14,14,http://localhost:8080/?token=495383897&user=-2104963756&config=1,860,0,0
1747733824115,863,HTTP Request,200,OK,Thread Group 1 1-6,text,false,"The operation lasted too long: It took 863 milliseconds, but should not have lasted longer than 850 milliseconds.",231,161,14,14,http://localhost:8080/?token=495383897&user=-2104963756&config=1,863,0,0
1747733824182,844,HTTP Request,200,OK,Thread Group 1 1-2,text,true,,231,161,14,14,http://localhost:8080/?token=495383897&user=-2104963756&config=1,844,0,0
1747733824401,841,HTTP Request,200,OK,Thread Group 1 1-11,text,true,,231,161,14,14,http://localhost:8080/?token=495383897&user=-2104963756&config=1,841,0,0
1747733824474,828,HTTP Request,200,OK,Thread Group 1 1-7,text,true,,231,161,14,14,http://localhost:8080/?token=495383897&user=-2104963756&config=1,828,0,0
1747733824537,857,HTTP Request,200,OK,Thread Group 1 1-3,text,false,"The operation lasted too long: It took 857 milliseconds, but should not have lasted longer than 850 milliseconds.",231,161,14,14,http://localhost:8080/?token=495383897&user=-2104963756&config=1,857,0,0
1747733824756,858,HTTP Request,200,OK,Thread Group 1 1-12,text,false,"The operation lasted too long: It took 858 milliseconds, but should not have lasted longer than 850 milliseconds.",231,161,14,14,http://localhost:8080/?token=495383897&user=-2104963756&config=1,858,0,0
1747733824830,812,HTTP Request,200,OK,Thread Group 1 1-8,text,true,,231,161,14,14,http://localhost:8080/?token=495383897&user=-2104963756&config=1,812,0,0
1747733824895,855,HTTP Request,200,OK,Thread Group 1 1-4,text,false,"The operation lasted too long: It took 855 milliseconds, but should not have lasted longer than 850 milliseconds.",231,161,14,14,http://localhost:8080/?token=495383897&user=-2104963756&config=1,855,0,0
1747733825112,875,HTTP Request,200,OK,Thread Group 1 1-13,text,false,"The operation lasted too long: It took 875 milliseconds, but should not have lasted longer than 850 milliseconds.",231,161,14,14,http://localhost:8080/?token=495383897&user=-2104963756&config=1,875,0,0
1747733825188,854,HTTP Request,200,OK,Thread Group 1 1-9,text,false,"The operation lasted too long: It took 854 milliseconds, but should not have lasted longer than 850 milliseconds.",231,161,14,14,http://localhost:8080/?token=495383897&user=-2104963756&config=1,854,0,0
1747733825255,835,HTTP Request,200,OK,Thread Group 1 1-5,text,true,,231,161,14,14,http://localhost:8080/?token=495383897&user=-2104963756&config=1,835,0,0
1747733825325,868,HTTP Request,200,OK,Thread Group 1 1-1,text,false,"The operation lasted too long: It took 868 milliseconds, but should not have lasted longer than 850 milliseconds.",231,161,14,14,http://localhost:8080/?token=495383897&user=-2104963756&config=1,868,0,0
1747733825468,806,HTTP Request,200,OK,Thread Group 1 1-14,text,true,,231,161,13,13,http://localhost:8080/?token=495383897&user=-2104963756&config=1,806,0,0
1747733825543,859,HTTP Request,200,OK,Thread Group 1 1-10,text,false,"The operation lasted too long: It took 859 milliseconds, but should not have lasted longer than 850 milliseconds.",231,161,12,12,http://localhost:8080/?token=495383897&user=-2104963756&config=1,859,0,0
1747733825614,848,HTTP Request,200,OK,Thread Group 1 1-6,text,true,,231,161,11,11,http://localhost:8080/?token=495383897&user=-2104963756&config=1,848,0,0
1747733825682,828,HTTP Request,200,OK,Thread Group 1 1-2,text,true,,231,161,10,10,http://localhost:8080/?token=495383897&user=-2104963756&config=1,828,0,0
1747733825901,826,HTTP Request,200,OK,Thread Group 1 1-11,text,true,,231,161,9,9,http://localhost:8080/?token=495383897&user=-2104963756&config=1,826,0,0
1747733825973,877,HTTP Request,200,OK,Thread Group 1 1-7,text,false,"The operation lasted too long: It took 877 milliseconds, but should not have lasted longer than 850 milliseconds.",231,161,8,8,http://localhost:8080/?token=495383897&user=-2104963756&config=1,877,0,0
1747733826037,845,HTTP Request,200,OK,Thread Group 1 1-3,text,true,,231,161,7,7,http://localhost:8080/?token=495383897&user=-2104963756&config=1,845,0,0
1747733826256,810,HTTP Request,200,OK,Thread Group 1 1-12,text,true,,231,161,6,6,http://localhost:8080/?token=495383897&user=-2104963756&config=1,810,0,0
1747733826330,832,HTTP Request,200,OK,Thread Group 1 1-8,text,true,,231,161,5,5,http://localhost:8080/?token=495383897&user=-2104963756&config=1,832,0,0
1747733826395,827,HTTP Request,200,OK,Thread Group 1 1-4,text,true,,231,161,4,4,http://localhost:8080/?token=495383897&user=-2104963756&config=1,827,0,0
1747733826613,825,HTTP Request,200,OK,Thread Group 1 1-13,text,true,,231,161,3,3,http://localhost:8080/?token=495383897&user=-2104963756&config=1,825,0,0
1747733826687,847,HTTP Request,200,OK,Thread Group 1 1-9,text,true,,231,161,2,2,http://localhost:8080/?token=495383897&user=-2104963756&config=1,847,0,0
1747733826756,838,HTTP Request,200,OK,Thread Group 1 1-5,text,true,,231,161,1,1,http://localhost:8080/?token=495383897&user=-2104963756&config=1,838,0,0
